id,track_name,popularity,artist,danceability,energy,key,loudness,speechiness,acousticness,instrumentalness,liveness,valence,tempo
3NU5UrPgTujSKmmywryCeq,"Bewitched, Bothered, And Bewildered - Stereo Version",0,Ella Fitzgerald,0.458,0.108,5.0,-16.835,0.037,0.971,0.0,0.101,0.264,71.872
3NU5UrPgTujSKmmywryCeq,"Bewitched, Bothered, And Bewildered - Stereo Version",0,Ella Fitzgerald,0.458,0.108,5.0,-16.835,0.037,0.971,0.0,0.101,0.264,71.872
3NU5UrPgTujSKmmywryCeq,"Bewitched, Bothered, And Bewildered - Stereo Version",0,Ella Fitzgerald,0.458,0.108,5.0,-16.835,0.037,0.971,0.0,0.101,0.264,71.872
3NU5UrPgTujSKmmywryCeq,"Bewitched, Bothered, And Bewildered - Stereo Version",0,Ella Fitzgerald,0.458,0.108,5.0,-16.835,0.037,0.971,0.0,0.101,0.264,71.872
35KCinwJYfCgun1jjii784,Undecided - Single Version,0,Ella Fitzgerald,0.608,0.325,4.0,-9.106,0.352,0.848,0.0,0.207,0.968,206.768
35KCinwJYfCgun1jjii784,Undecided - Single Version,0,Ella Fitzgerald,0.608,0.325,4.0,-9.106,0.352,0.848,0.0,0.207,0.968,206.768
35KCinwJYfCgun1jjii784,Undecided - Single Version,0,Ella Fitzgerald,0.608,0.325,4.0,-9.106,0.352,0.848,0.0,0.207,0.968,206.768
35KCinwJYfCgun1jjii784,Undecided - Single Version,0,Ella Fitzgerald,0.608,0.325,4.0,-9.106,0.352,0.848,0.0,0.207,0.968,206.768
3Uv42tH7DnsJwgZj7IEEJR,I'll Never Fall in Love Again,0,Ella Fitzgerald,0.56,0.395,10.0,-9.699,0.0329,0.807,9.99e-06,0.135,0.665,120.426
3Uv42tH7DnsJwgZj7IEEJR,I'll Never Fall in Love Again,0,Ella Fitzgerald,0.56,0.395,10.0,-9.699,0.0329,0.807,9.99e-06,0.135,0.665,120.426
7wufLVXc1VCV2aGb6bcjjO,Miss Otis Regrets (She's Unable To Lunch Today),0,Ella Fitzgerald,0.373,0.0555,10.0,-14.52,0.0437,0.983,0.0,0.1,0.179,80.638
7wufLVXc1VCV2aGb6bcjjO,Miss Otis Regrets (She's Unable To Lunch Today),0,Ella Fitzgerald,0.373,0.0555,10.0,-14.52,0.0437,0.983,0.0,0.1,0.179,80.638
7ijfZa2PpaLKYKXbBiALkr,Out Of This World,23,Ella Fitzgerald,0.379,0.241,1.0,-11.501,0.0299,0.835,0.0,0.0834,0.356,130.84
6dGGWJgnZEIjBT4hAA0X9L,A Night In Tunisia,23,Ella Fitzgerald,0.497,0.213,3.0,-12.569,0.045,0.894,0.0,0.129,0.383,135.703
3RSWA0ljXaIGPvdgGLmhYW,A Foggy Day,22,Ella Fitzgerald,0.298,0.218,10.0,-14.109,0.0354,0.954,3.96e-06,0.0655,0.192,99.497
1DabAsXHKvegFKaePSCBwY,April In Paris,22,Ella Fitzgerald,0.442,0.322,8.0,-9.747,0.0347,0.787,4.14e-06,0.0473,0.46,129.283
3BdnZ7p49ywZq692exPqm5,Moonlight On The Ganges,21,Ella Fitzgerald,0.553,0.252,10.0,-10.964,0.0356,0.16,0.0,0.0562,0.548,84.302
5UuAZPvqXJCQ3oWuq85FPd,Manhattan - Stereo Version,21,Ella Fitzgerald,0.436,0.284,10.0,-11.311,0.0329,0.865,0.0,0.0755,0.409,58.28
7y4UaKbgSZeK9YGQRz8bVk,East Of The Sun (West Of The Moon),20,Ella Fitzgerald,0.274,0.215,9.0,-11.296,0.0354,0.875,1.7e-05,0.201,0.221,85.916
2wqTKnbUdCeegYqXMqLIk0,The Boy From Ipanema,21,Ella Fitzgerald,0.574,0.436,1.0,-12.329,0.0485,0.643,0.0,0.919,0.652,80.272
0nmo5UASX6a2gmMl4dvQU2,On A Slow Boat To China - Live At The Crescendo,20,Ella Fitzgerald,0.622,0.39,3.0,-9.316,0.0821,0.816,0.0,0.815,0.629,133.996
5lBG3GBx6BOGsSXp1VO3CU,Moonlight In Vermont,20,Ella Fitzgerald,0.428,0.0916,0.0,-15.364,0.0386,0.977,0.000235,0.0855,0.111,100.7
7CYbdgBXK47QJVkIiPyqLc,Autumn In New York,20,Ella Fitzgerald,0.428,0.0768,0.0,-15.366,0.0345,0.958,0.0,0.143,0.14,135.047
6empnIdTNl00UQzud8J3yb,Let's Take A Walk Around The Block,19,Ella Fitzgerald,0.617,0.196,8.0,-12.194,0.11,0.823,0.0,0.141,0.458,124.177
5891r0hYtVyKerssalE1I8,I Love Paris,19,Ella Fitzgerald,0.21,0.239,7.0,-11.047,0.0293,0.78,0.000199,0.35,0.198,96.215
3aBX1hPxqbQpitrqCrGbCm,Hurry Home,18,Ella Fitzgerald,0.23,0.137,4.0,-13.643,0.038,0.968,0.0,0.146,0.0799,71.345
66UrWXThbdDm3PzVIcH8m7,Trav'lin Light,18,Ella Fitzgerald,0.34,0.134,10.0,-15.706,0.033,0.974,0.0674,0.099,0.15,76.733
5IiyaY4pxxgjnpdLjT9vGs,My Cousin In Milwaukee,17,Ella Fitzgerald,0.529,0.43,8.0,-9.736,0.0467,0.774,0.0,0.298,0.585,127.443
1KKKr8JkplNstZfxmWdEZT,Georgia On My Mind,18,Ella Fitzgerald,0.351,0.404,7.0,-8.725,0.0351,0.827,0.0,0.123,0.257,76.062
2rj70eDZs3hrXFzEasPXnD,St. Louis Blues - Live From Rome/1958,17,Ella Fitzgerald,0.367,0.106,0.0,-15.422,0.0421,0.94,0.0,0.142,0.294,172.818
3GZvcao3bGarCg497drReM,Beale Street Blues,16,Ella Fitzgerald,0.523,0.246,10.0,-8.072,0.0434,0.913,0.0,0.312,0.461,92.219
7nFUHuc6WVwazAiTr1vnmr,Stars Fell On Alabama,16,Ella Fitzgerald,0.329,0.139,5.0,-11.934,0.0407,0.949,0.0,0.117,0.183,169.608
5sugxSgBEILArAc8hnnb6J,"Take The ""A"" Train",17,Ella Fitzgerald,0.415,0.39,2.0,-10.623,0.0545,0.384,1.28e-06,0.0759,0.413,94.214
5mS8aGR4HYD2lOHLLPCyqV,Lullaby Of Broadway,16,Ella Fitzgerald,0.356,0.548,3.0,-8.457,0.421,0.799,0.0,0.269,0.79,184.079
4Tx1SRQ64YydsUE89EWekG,Slumming On Park Avenue,15,Ella Fitzgerald,0.608,0.18,7.0,-14.178,0.0571,0.936,0.0,0.102,0.482,125.981
6LUZwusJmrjUTxdT2FQBhg,I've Got The World On A String,16,Ella Fitzgerald,0.404,0.157,8.0,-11.651,0.0314,0.913,1.07e-06,0.177,0.207,71.667
5pdx6JHhrUdM9b4gndkxBf,Sentimental Journey,15,Ella Fitzgerald,0.668,0.117,8.0,-12.047,0.0329,0.9,0.0,0.0906,0.593,88.96
56NVfs6m8pWDYKYD6GWAIK,I Like The Sunrise,16,Ella Fitzgerald,0.157,0.273,3.0,-13.367,0.0341,0.826,0.0,0.218,0.131,177.477
4R2RMjbAvVuyuwoScXve4s,Midnight Sun - 1964 Version,15,Ella Fitzgerald,0.408,0.184,8.0,-14.77,0.0361,0.957,5.8e-05,0.133,0.16,105.617
1uAdFBygbkuiyZNK7QOifW,Over The Rainbow,15,Ella Fitzgerald,0.259,0.197,8.0,-14.263,0.0339,0.939,0.0,0.2,0.251,80.745
0NSU5US3BAKLzwXEd78jqp,Ev'ry Time We Say Goodbye,15,Ella Fitzgerald,0.197,0.267,10.0,-8.294,0.0312,0.874,0.000113,0.168,0.171,82.705
5fW8JTrs02llzL7uvNsdNX,Flying Home,14,Ella Fitzgerald,0.774,0.53,0.0,-4.208,0.0595,0.752,0.0,0.412,0.703,108.248
6RYmivcqkSZNTPf7KP94fH,Mas que nada,0,Ella Fitzgerald,0.553,0.499,3.0,-9.969,0.0742,0.66,0.0,0.264,0.79,99.408
2nn75KYQCbQoHScQz0KkWc,Mazurka No. 15 In C Op. 24 No. 2,0,Frédéric Chopin,0.41,0.056,0.0,-21.592,0.0484,0.995,0.907,0.0728,0.211,112.233
1IDi8NkQrYUk7OZBZppCJr,Mazurka No. 40 In F Minor Op. 63 No. 2,0,Frédéric Chopin,0.272,0.0501,5.0,-22.491,0.0376,0.996,0.934,0.0967,0.0686,77.653
45KVDUfjuPA13YluqVMqA1,"Mazurka No. 34 in C Major, Op. 56 No. 2: Vivace (I)",0,Frédéric Chopin,0.21,0.0221,0.0,-28.673,0.0322,0.995,0.946,0.104,0.26,167.899
2jCqYRViP6DxuY7GD5DZab,"12 Études, Op. 25: No. 2 in F Minor ""The Bees""",0,Frédéric Chopin,0.268,0.109,5.0,-25.436,0.0375,0.992,0.924,0.0813,0.24,69.922
4812J6cgLVKif1hYmaJVZE,"12 Études, Op. 25: No. 3 in F Major ""The Horseman""",0,Frédéric Chopin,0.307,0.165,0.0,-18.936,0.0332,0.988,0.912,0.0829,0.55,131.978
5oeMtbF8kTUyddtnLku4az,"12 Études, Op. 25: No. 9 in G-Flat Major ""Butterfly Wings""",0,Frédéric Chopin,0.45,0.415,6.0,-18.081,0.0576,0.981,0.878,0.18,0.232,112.871
5MjCThf5ig8YBsZKvM84cs,"24 Préludes, Op. 28: No. 9 in E Major",0,Frédéric Chopin,0.336,0.0327,4.0,-20.34,0.0407,0.993,0.844,0.128,0.033,84.552
1PkRcUsGUrxx34Fo1gZmFq,"Piano Sonata No. 2 In B Flat Minor, Op. 35: 4. Finale (Presto) - 1984 Recording",0,Frédéric Chopin,0.164,0.0155,10.0,-36.372,0.036,0.99,0.971,0.106,0.381,109.63
58TPD9LXmXOifQS4QZxuWF,"24 Préludes, Op. 28: 12. In G Sharp Minor",0,Frédéric Chopin,0.513,0.313,8.0,-19.859,0.0344,0.994,0.819,0.11,0.721,131.393
7LVaaGwAbLIm9OujH8nirn,"24 Préludes, Op. 28: 19. In E Flat Major",0,Frédéric Chopin,0.326,0.102,3.0,-29.17,0.0292,0.981,0.823,0.134,0.678,72.361
4WUNx2eKOpbvqhoi61hBMG,Mazurka No. 8 In A Flat Op. 7 No. 4,0,Frédéric Chopin,0.292,0.138,8.0,-25.012,0.0526,0.995,0.865,0.171,0.334,85.004
7eFVD8V9qAepQ20IXRf172,Mazurka No. 9 in C Op. 7 No. 5,0,Frédéric Chopin,0.464,0.133,7.0,-24.756,0.0511,0.995,0.803,0.133,0.672,122.125
3Gut4SHUmygKSoMcrdooEs,Mazurka No. 44 in G Op. 67 No. 1,0,Frédéric Chopin,0.378,0.0609,7.0,-25.28,0.0354,0.994,0.934,0.152,0.54,163.336
1wMEndPQs3w5E3gnk7wp91,"12 Etudes, Op. 10: No. 5 in G-Flat Major ""Black Keys""",0,Frédéric Chopin,0.357,0.103,1.0,-24.481,0.0377,0.976,0.926,0.107,0.479,128.002
0ZFoLiCLU7oJ4ywHsu1aYy,"Feuille D'Album In E, Op. posth.: Moderato",0,Frédéric Chopin,0.398,0.00325,11.0,-37.982,0.0433,0.996,0.949,0.0804,0.263,73.161
5fkvyqRkkmeZwuRA6KQdCI,Mazurka in B flat major (KK 891-895),0,Frédéric Chopin,0.319,0.114,10.0,-24.85,0.0348,0.987,0.933,0.171,0.42,78.987
3Pmc1onTlkb2gQapm7T6yv,Mazurka in D major (KK 1224),0,Frédéric Chopin,0.402,0.111,2.0,-21.311,0.0383,0.976,0.864,0.374,0.228,76.326
0erJxNOGLhWXhMaeepYHlk,"24 Préludes, Op. 28: 4. in E minor",0,Frédéric Chopin,0.303,0.0311,5.0,-28.322,0.0448,0.994,0.934,0.0879,0.0363,68.208
1xf2s0dV6V3DEkaEpdq7qN,"24 Préludes, Op. 28: 5. In D Major",0,Frédéric Chopin,0.197,0.236,2.0,-26.271,0.0415,0.991,0.839,0.0885,0.195,138.013
1g8UyH0sr1kizDIjXb9ZrD,"24 Préludes, Op. 28: 10. In C Sharp Minor",0,Frédéric Chopin,0.372,0.07,1.0,-28.782,0.0369,0.992,0.937,0.145,0.487,73.463
6ilyTrXZkHTMhW6Vg0gTVO,"Mazurka No. 18 in C Minor, Op. 30 No. 1. Allegretto non tanto",0,Frédéric Chopin,0.329,0.0156,0.0,-31.897,0.0425,0.996,0.846,0.134,0.287,134.21
5WgYdcWMejBHyTwDqx8yLV,"12 Études, Op. 25: No. 3 in F Major ""The Horseman""",0,Frédéric Chopin,0.338,0.0668,0.0,-27.281,0.038,0.991,0.619,0.0709,0.22,139.594
7JFi3T46o4GkT11mYRHfEr,"24 Préludes, Op. 28, C. 166-189: No. 12 Presto in G-Sharp Minor, C. 177 - Live",0,Frédéric Chopin,0.357,0.194,8.0,-23.408,0.0359,0.99,0.899,0.123,0.444,132.652
36hJzWPXDPVSORp4XHiKJf,"3 Mazurkas, Op. 63: No. 3 in C-Sharp Minor. Allegretto",0,Frédéric Chopin,0.324,0.0177,1.0,-29.583,0.0372,0.994,0.927,0.107,0.141,128.341
31CsB1QzMxEnblpwvqg3z9,"Ballade No. 3, Op. 47 in A-Flat Major - Upon Piano Roll Welte-Mignon 1249, Issued 1906",19,Frédéric Chopin,0.314,0.12,8.0,-17.102,0.0414,0.99,0.93,0.111,0.0669,92.153
1Soe5te5YmvGge5nGDZlPv,"Preludes, Op. 28: No. 3 in G Major - Welte-Mignon 3184",16,Frédéric Chopin,0.367,0.0936,7.0,-19.379,0.034,0.979,0.91,0.109,0.117,72.494
433s8POckZYziSIteTrpn0,"Ballade No. 1, Op. 23 in G Minor - Duo-Art 8008",13,Frédéric Chopin,0.274,0.125,7.0,-19.963,0.0377,0.989,0.923,0.124,0.0387,57.192
2Y4SBX9A04Tg1gDb5Q2k2F,"Polonaise, Op. 44, in F-Sharp Minor - Welte-Mignon 669",9,Frédéric Chopin,0.269,0.135,6.0,-18.111,0.0355,0.988,0.884,0.11,0.196,71.966
0k0u2P04LsShWbHCtyEe15,"Berceuse, Op. 57 in D-Flat Major - Triphonola T-55757",7,Frédéric Chopin,0.31,0.0345,1.0,-27.991,0.0485,0.992,0.965,0.111,0.0952,82.331
0ggvwWgGd1eqZ1mCrlmmW0,"Nocturne No. 21 in C Minor, KK IVb/8",23,Frédéric Chopin,0.286,0.0248,5.0,-30.64,0.0463,0.992,0.948,0.0635,0.096,76.512
529I6uoF5dyKQZGBuVXJ2E,"Nocturne No. 5 in F-Sharp Major, Op. 15 No. 2",23,Frédéric Chopin,0.312,0.0231,6.0,-27.185,0.0427,0.993,0.783,0.0811,0.0447,110.202
3TfwmSaF7pBhi6IqHXeAW8,"Nocturne No. 6 in G Minor, Op. 15 No. 3",22,Frédéric Chopin,0.332,0.014,2.0,-27.692,0.0453,0.995,0.9,0.0665,0.121,77.574
3LtgNuvxTM2PHo6KK5kQy0,"Nocturne No. 20 in C-Sharp Minor, KK IVa/16",22,Frédéric Chopin,0.322,0.00714,1.0,-33.429,0.0464,0.99,0.88,0.0734,0.0995,68.757
5g7qV0P3EDmCJcg4XaDKta,"Impromptu No. 1 in A-Flat Major, Op. 29",19,Frédéric Chopin,0.208,0.0297,5.0,-29.823,0.0445,0.993,0.918,0.0795,0.07,89.528
3mJYO6SQXrcXYjHDyNUSwJ,"Nocturne No. 2 in E-Flat Major, Op. 9 No. 2",18,Frédéric Chopin,0.33,0.00637,3.0,-33.518,0.0382,0.991,0.906,0.0603,0.0716,66.364
5AWEkm3S1jgpJAsgyt8RZ5,"Nocturne No. 15 in F Minor, Op. 55 No. 1",18,Frédéric Chopin,0.35,0.0285,1.0,-28.22,0.0463,0.994,0.898,0.0725,0.0724,68.123
2CdC1HncQCzLqVWMirlzDy,"Nocturne No. 4 in F Major, Op. 15 No. 1",18,Frédéric Chopin,0.28,0.00636,5.0,-29.668,0.0363,0.993,0.87,0.0486,0.0481,66.815
3uy5mPYITqG2OCYKiQkNX3,"Nocturne No. 9 in B Major, Op. 32 No. 1",18,Frédéric Chopin,0.219,0.00792,11.0,-32.91,0.0549,0.995,0.829,0.0874,0.118,67.005
0ulphd43rhIMuqDfBL4TFQ,"Nocturne No. 19 in E Minor, Op. 72 No. 1",17,Frédéric Chopin,0.316,0.0128,4.0,-28.915,0.0429,0.993,0.93,0.128,0.0534,132.076
3tmIstn6uhelTXjIG9WWFY,"Nocturne No. 12 in G Major, Op. 37 No. 2",17,Frédéric Chopin,0.259,0.0403,7.0,-29.745,0.0388,0.995,0.888,0.0954,0.0365,174.918
4MKWs5wTuz9NdQrwimLUwq,"Nocturne No. 16 in E-Flat Major, Op. 55 No. 2",17,Frédéric Chopin,0.313,0.023,3.0,-28.365,0.0398,0.993,0.882,0.193,0.049,133.817
33HXpIkgXunEiKCbtOJL2h,"12 Etudes, Op. 10: No. 1 in C Major ""Waterfall""",24,Frédéric Chopin,0.194,0.268,0.0,-18.538,0.0333,0.965,0.861,0.109,0.0922,88.306
1xTyK5FNpbS8DL62sEkqR2,"12 Etudes, Op. 25: No. 3 in F Major ""The Horseman""",24,Frédéric Chopin,0.291,0.119,0.0,-22.787,0.0394,0.99,0.834,0.0968,0.622,149.911
6WiNSJG3xXHhmqc4J72v5b,"Mazurka No. 29 in A-Flat Major, Op. 41 No. 4",24,Frédéric Chopin,0.312,0.0389,8.0,-33.876,0.0456,0.995,0.905,0.12,0.201,89.19
2gyCK94MyV6Qwo8EjhVfIi,"Mazurka No. 21 in C-Sharp Minor, Op. 30 No. 4",23,Frédéric Chopin,0.259,0.0347,1.0,-25.469,0.04,0.994,0.92,0.0825,0.0633,81.143
5LG4owAaoXq8yedVb88Fkn,"Waltz No. 6 in D flat, Op. 64 No. 1 -""Minute""",16,Frédéric Chopin,0.326,0.0382,1.0,-31.904,0.0407,0.989,0.918,0.221,0.286,140.613
3F4JIIjZpoJyVaIzCFJC0A,"Waltz No. 7 in C sharp minor, Op. 64 No. 2",16,Frédéric Chopin,0.25,0.0177,1.0,-34.322,0.041,0.992,0.907,0.108,0.282,78.815
66jHEH15GRL1FnWjBvvEnS,"Waltz No. 8 in A flat, Op. 64 No. 3",16,Frédéric Chopin,0.265,0.0543,8.0,-30.579,0.0359,0.991,0.895,0.149,0.462,101.317
4sLqN0whigrRkYpftyzbhL,Mazurka No. 36 in A minor Op. 59 No. 1,16,Frédéric Chopin,0.328,0.0212,9.0,-31.318,0.0411,0.994,0.906,0.0895,0.0553,69.716
4QdKWzsYAhdWopZCOFAj2A,Mazurka No. 37 in A flat Op. 59 No. 2,16,Frédéric Chopin,0.382,0.0577,8.0,-27.759,0.0458,0.995,0.873,0.105,0.142,68.284
4HvCuHS41LiCFQ4Sswit2b,Mazurka No. 38 in F sharp minor Op. 59 No. 3,16,Frédéric Chopin,0.281,0.0356,1.0,-30.449,0.0486,0.995,0.868,0.0972,0.155,50.762
0ttk1qBZ5wp3xoYGByz05w,"Barcarolle in F sharp, Op. 60",15,Frédéric Chopin,0.247,0.0447,6.0,-25.941,0.0396,0.992,0.895,0.0887,0.0571,61.904
7acsKkAgEVTqNS4lNcW3sm,"Nocturnes, Op. 15: No. 2 in F-Sharp Major - Welte-Mignon 441",15,Frédéric Chopin,0.338,0.0119,6.0,-30.282,0.0353,0.99,0.92,0.0789,0.0628,73.486
1Uo8jAqALvjQIkv53Mh1U7,"Ballade No. 1, Op. 23 in G Minor - Upon Piano Roll Triphonola T-50081",13,Frédéric Chopin,0.279,0.14,7.0,-17.964,0.0344,0.987,0.875,0.0824,0.0494,63.935
3B5xtNXXCKMVvdFIBNF2P2,"Polonaise, Op. 53 (Heroic) in A-Flat Major - Welte-Mignon 440",10,Frédéric Chopin,0.337,0.219,8.0,-14.883,0.0305,0.987,0.937,0.0855,0.186,97.305
4n93SK7dQsQVu9BM5QzvAx,I Can Do It With a Broken Heart,69,Taylor Swift,0.696,0.742,0.0,-8.298,0.0558,0.142,0.0,0.114,0.244,129.971
0Z8YQJNXTCZqflWehjoJqJ,I Can Do It With a Broken Heart - Instrumental,67,Taylor Swift,0.603,0.687,0.0,-10.542,0.0356,0.0866,0.882,0.235,0.154,130.011
2BUTSRKPGRsyc9FnsC5Udd,Fortnight (feat. Post Malone) - Acoustic Version,72,Taylor Swift,0.61,0.305,11.0,-11.08,0.0259,0.747,0.0,0.0997,0.483,95.98
7pM01Cfj8vt7z3qI2TveNT,Fortnight (feat. Post Malone) - Cults Remix,61,Taylor Swift,0.603,0.499,2.0,-11.906,0.0294,0.0578,0.02,0.101,0.426,117.095
6GrvlxquXWumwyNeZb1oZz,Fortnight (feat. Post Malone),59,Taylor Swift,0.52,0.393,11.0,-11.005,0.0314,0.517,5.69e-06,0.102,0.267,192.093
1gejz5ROvJBUb6WJzkMAcc,Fortnight (feat. Post Malone) - BLOND:ISH Remix,71,Taylor Swift,0.766,0.699,11.0,-7.118,0.0469,0.0117,0.00241,0.082,0.465,126.99
20nACtTlLpHqevuIVVD166,Fortnight (feat. Post Malone),53,Taylor Swift,0.672,0.392,11.0,-10.671,0.0254,0.524,7.99e-06,0.102,0.277,96.001
5GKww4njF9po4Q4z50qQKh,The Best Day,1,Taylor Swift,0.668,0.448,1.0,-8.567,0.0285,0.638,4.1e-06,0.158,0.386,126.066
2A8847n1SFImckzkLmdmCy,Never Grow Up,2,Taylor Swift,0.714,0.309,2.0,-8.828,0.0302,0.824,0.0,0.136,0.546,124.892
4yPBANkLlBwziJl6MOXEuf,Shake It Off,6,Taylor Swift,0.648,0.8,7.0,-5.384,0.165,0.0639,0.0,0.334,0.942,160.068
4NOVUXQBDwVdK3OqonvVH3,Change,13,Taylor Swift,0.543,0.764,5.0,-4.206,0.0377,0.00418,0.0,0.111,0.233,95.999
2JidgPELbiuTXYfRpgL3Fp,I Fall In Love Too Easily,0,Chet Baker,0.585,0.0862,0.0,-18.591,0.0388,0.962,0.381,0.106,0.219,63.579
2JidgPELbiuTXYfRpgL3Fp,I Fall In Love Too Easily,0,Chet Baker,0.585,0.0862,0.0,-18.591,0.0388,0.962,0.381,0.106,0.219,63.579
2JidgPELbiuTXYfRpgL3Fp,I Fall In Love Too Easily,0,Chet Baker,0.585,0.0862,0.0,-18.591,0.0388,0.962,0.381,0.106,0.219,63.579
2JidgPELbiuTXYfRpgL3Fp,I Fall In Love Too Easily,0,Chet Baker,0.585,0.0862,0.0,-18.591,0.0388,0.962,0.381,0.106,0.219,63.579
6ydXchqYI9v0oXSXjPa9jT,Soultrane,0,Chet Baker,0.342,0.0695,3.0,-18.661,0.0327,0.94,0.951,0.104,0.224,159.468
6ydXchqYI9v0oXSXjPa9jT,Soultrane,0,Chet Baker,0.342,0.0695,3.0,-18.661,0.0327,0.94,0.951,0.104,0.224,159.468
0vhXhFk63V1pcH5gHU4DRm,Whatever Possess'd Me,0,Chet Baker,0.416,0.0325,7.0,-21.545,0.0396,0.974,0.00854,0.106,0.28,165.188
0vhXhFk63V1pcH5gHU4DRm,Whatever Possess'd Me,0,Chet Baker,0.416,0.0325,7.0,-21.545,0.0396,0.974,0.00854,0.106,0.28,165.188
55GPAZmC5Nb5YyZo8Inken,You Go To My Head,24,Chet Baker,0.562,0.0999,10.0,-17.271,0.0395,0.955,0.444,0.136,0.322,108.595
6uicJA7B90pChbTLS0qrHR,Tenderly,23,Chet Baker,0.507,0.124,3.0,-14.95,0.0379,0.971,0.648,0.118,0.249,120.444
2k10uBBgVuznEdKGoz2Wzq,My Funny Valentine - Instrumental,21,Chet Baker,0.615,0.166,2.0,-18.162,0.344,0.982,0.883,0.109,0.908,105.078
1sycgkB3dHSx891ERva0VF,I Fall In Love Too Easily,21,Chet Baker,0.585,0.0862,0.0,-18.591,0.0388,0.962,0.381,0.106,0.219,63.579
4ECFGf9FahyYFaEfRfU0oe,I Get Along Without You Very Well (Except Sometimes) - Vocal Version,21,Chet Baker,0.425,0.0299,10.0,-24.428,0.0444,0.962,0.00601,0.103,0.209,97.959
33CpQp7iDl3Lqcp1cN8gY8,Time After Time - Vocal Version,21,Chet Baker,0.489,0.0476,0.0,-18.852,0.0369,0.937,3.05e-05,0.21,0.237,99.685
5RXJ9MJn856OYHfoAL3SDW,But Not For Me - Vocal Version,20,Chet Baker,0.627,0.26,5.0,-11.184,0.0362,0.919,4.29e-05,0.11,0.558,82.211
1DzcMhEX7R1l9Zp0Rov4qe,There Will Never Be Another You - Vocal Version,20,Chet Baker,0.514,0.112,3.0,-16.154,0.0593,0.949,0.0018,0.0743,0.601,167.168
2XexDBaIREEumx9x2H8Xle,Let's Get Lost,20,Chet Baker,0.516,0.37,9.0,-9.345,0.0299,0.84,0.000798,0.108,0.558,77.883
2F28osJiDrbyi79HSOaF9Y,Everything Happens To Me - Complete Take 2,19,Chet Baker,0.486,0.144,5.0,-17.555,0.0455,0.932,0.0,0.108,0.124,114.478
6vWmrLN10nH3n3wW361v1E,Sure Gonna Miss Her,19,Chet Baker,,,,,,,,,,
5cTIlih28I2Cgp7vsKqTFV,Alone Together - Instrumental,18,Chet Baker,0.53,0.0304,2.0,-18.013,0.0342,0.985,0.42,0.109,0.266,51.835
2KmUOiwfUJeirGfiocYKso,There's A Small Hotel,18,Chet Baker,0.454,0.38,3.0,-13.868,0.0281,0.781,0.146,0.115,0.661,108.631
6wO1nLOvkN5LFyetAYB4Tf,"You're Mine, You!",18,Chet Baker,0.358,0.0612,7.0,-18.296,0.0344,0.973,3.24e-05,0.106,0.16,74.896
1ittPmyIt2Z9EpRS2L0rpE,Look For The Silver Lining - Vocal Version,17,Chet Baker,0.644,0.186,2.0,-15.573,0.0381,0.947,0.00569,0.113,0.407,80.535
39RwZQDGV3xgHepNA3QQCA,Like Someone In Love - Vocal Version,17,Chet Baker,0.489,0.0279,10.0,-22.843,0.0366,0.931,0.00248,0.197,0.222,106.643
779z6sdXYsRXitAZcMCUDC,Trav'lin Light,17,Chet Baker,0.569,0.072,0.0,-18.674,0.0377,0.886,0.113,0.101,0.334,112.331
57NO1RXABxYKfdhFfLIgvb,"Sweet Sue, Just You",17,Chet Baker,0.364,0.0167,9.0,-21.547,0.0398,0.973,0.00021,0.106,0.108,78.767
3Yk6sU0yNizHfRT8dOVQ2N,Everything Depends On You,16,Chet Baker,0.405,0.144,0.0,-13.777,0.0332,0.962,0.00349,0.148,0.114,102.4
0Si52ncfeqWSqIJiE9zR73,Come Rain Or Come Shine,16,Chet Baker,0.562,0.0445,9.0,-18.248,0.0422,0.938,0.000229,0.114,0.188,123.055
2nJC3xuP3CtHRFSSUhtf55,Time After Time - Instrumental,16,Chet Baker,0.541,0.116,0.0,-14.626,0.0383,0.986,0.146,0.145,0.501,139.704
2IDVcBQtSZk1wnSjDre1c5,Ergo - Remastered 2004,16,Chet Baker,0.532,0.339,7.0,-9.287,0.0397,0.891,0.754,0.136,0.599,167.335
5F32zViGWtJYhURVcgkfzL,Moon Love,16,Chet Baker,0.586,0.0158,1.0,-21.647,0.0453,0.993,0.927,0.111,0.347,60.831
6aFs7Kpcg06E8wVKNG2mE6,Stardust,16,Chet Baker,0.552,0.0671,1.0,-18.633,0.039,0.966,0.787,0.101,0.317,84.551
5HzbPnSe0UdlpeZP9tflYg,My Ideal - Vocal Version,15,Chet Baker,0.602,0.0472,0.0,-19.128,0.0542,0.856,6.14e-05,0.203,0.234,116.675
3xD25AVq9DLXXuvIhlbutB,The Touch Of Your Lips,15,Chet Baker,0.381,0.0788,0.0,-15.333,0.0318,0.931,0.00142,0.139,0.0642,109.421
5YFNNttoG1BAYBMkWPdjes,I've Never Been In Love Before - Vocal Version,15,Chet Baker,0.545,0.0522,10.0,-16.266,0.0372,0.928,9.97e-05,0.106,0.213,63.279
6c7C5hS7RK16668SXiPlNW,The Thrill Is Gone - Vocal Version,14,Chet Baker,0.424,0.0452,0.0,-18.647,0.0365,0.973,0.00433,0.164,0.135,112.1
24oFYlpLKtnxmzCVovREiT,My Buddy - Vocal Version,14,Chet Baker,0.72,0.07,9.0,-19.69,0.0412,0.633,2.46e-05,0.13,0.49,134.997
3R1WiqVxSlcUX0KqSuhvIa,That Ole Devil Called Love,14,Chet Baker,0.524,0.184,0.0,-14.325,0.0304,0.985,0.962,0.123,0.208,66.479
6chfI1CMJV8AiByJ9E8G4i,Embraceable You,14,Chet Baker,0.547,0.0211,5.0,-19.64,0.0444,0.932,2e-05,0.107,0.277,122.726
4f74hR3KdVtB6eDvUoe8D4,I Wish You Love,14,Chet Baker,0.552,0.0817,5.0,-15.886,0.0364,0.978,0.635,0.072,0.345,104.657
4XUzlLMBKlNUF0sWeZTd02,When Your Lover Has Gone,14,Chet Baker,0.279,0.0801,5.0,-17.277,0.0424,0.934,0.0,0.187,0.132,76.67
6Zfm1VNqPcFBhOex6s7ouW,You're My Thrill,13,Chet Baker,0.692,0.103,2.0,-15.561,0.0345,0.922,0.00883,0.142,0.313,103.448
7nRatpb5JJYkOwVL0JXYXw,Don't Explain,13,Chet Baker,0.329,0.109,10.0,-16.292,0.0343,0.979,0.831,0.12,0.129,114.37
2AveKKmqmhvFTDa0nEf5b0,There Is No Greater Love,13,Chet Baker,0.275,0.108,9.0,-13.302,0.0318,0.949,0.0,0.113,0.192,171.785
5aRSwXltFDMb5LkX5O8sA5,Easy Living,13,Chet Baker,0.408,0.147,10.0,-14.382,0.0315,0.943,2.36e-05,0.195,0.204,65.078
2ddHUXCVGMGQ35RImeavZh,Baby Breeze,12,Chet Baker,0.718,0.264,6.0,-10.987,0.0604,0.944,0.703,0.152,0.54,113.101
6eqqUNrkU8F1KRheWKyV81,On Green Dolphin Street,13,Chet Baker,0.58,0.015,5.0,-18.845,0.0449,0.983,0.908,0.0852,0.236,93.148
7sy3XRASvuLP74xJLvBxCj,A Taste Of Honey,12,Chet Baker,0.299,0.064,0.0,-18.342,0.0373,0.942,0.00562,0.0715,0.247,104.633
2hoWfT6BSYryBUBRcywrye,The Song Is You,12,Chet Baker,0.584,0.246,7.0,-14.539,0.0462,0.917,0.0744,0.111,0.714,119.877
0aaoROcLYPIW5tR4rqGU77,"Oh, You Crazy Moon",12,Chet Baker,0.385,0.0724,5.0,-19.172,0.0439,0.97,0.263,0.223,0.0957,78.347
1f5apZjLiWPAVoD7DBFFKC,There's A Lull In My Life,12,Chet Baker,0.581,0.0357,3.0,-17.607,0.0489,0.947,3.03e-06,0.1,0.276,116.728
0Jy3jQfmyoMrxGT8aXSMRw,There Will Never Be Another You - Instrumental,12,Chet Baker,0.511,0.133,3.0,-15.871,0.0518,0.933,0.00318,0.0716,0.663,169.205
1SNX9sH1OyREAWAdbmZrjG,Let Me Be Loved - Remastered 2000 / Vocal Version,11,Chet Baker,0.35,0.00639,7.0,-21.72,0.0414,0.955,0.0513,0.146,0.23,112.911
30n0wmJQM7jLeUPfI4lglg,The Night We Called It A Day,12,Chet Baker,0.489,0.0114,5.0,-22.482,0.0405,0.917,1.64e-05,0.137,0.199,114.55
67ZnxeqdJqgrVLIHLblxel,Makin' Whoopee,11,Chet Baker,0.469,0.0624,7.0,-17.877,0.04,0.981,0.946,0.123,0.366,78.887
6SvT5QXB2sqlXKgnyReLNP,Jersey Bounce,12,Chet Baker,0.597,0.216,7.0,-16.235,0.0672,0.863,0.0125,0.0727,0.496,135.007
4djSJMYuNXLYKatXtMVuWQ,This Is Always - Remastered 2004,11,Chet Baker,0.322,0.124,8.0,-14.293,0.0366,0.96,0.017,0.287,0.225,171.411
354Glg94l252qcLpT3bF5A,"Lullaby Of The Leaves - Live At The Tiffany Club, Los Angeles, CA / 1954 / Remastered 2004",11,Chet Baker,0.684,0.068,0.0,-20.266,0.0434,0.981,0.901,0.656,0.472,120.029
5kqVlvHkDMin1WN7OMAx7s,A Foggy Day,11,Chet Baker,0.638,0.51,7.0,-5.584,0.0338,0.455,0.0178,0.0785,0.49,91.624
70bL7vcFtyNxZEWt3LBotD,Trav'lin' Light,11,Chet Baker,0.292,0.105,5.0,-16.326,0.0327,0.94,0.0,0.258,0.246,75.663
1yfaClymOBvhAr4QTHXEEo,Little Man You've Had A Busy Day,10,Chet Baker,0.482,0.229,0.0,-12.048,0.0317,0.982,0.835,0.125,0.322,83.646
02xDsMe76HvAsJ4ZvPvb9M,Reunion,10,Chet Baker,0.729,0.241,8.0,-15.598,0.0757,0.866,0.232,0.0934,0.763,111.715
7GplfdINfGg35o2jA4h4xV,Little Girl Blue,10,Chet Baker,0.539,0.0284,7.0,-19.872,0.0387,0.985,0.947,0.078,0.195,54.763
6bJA33OTkulboaNa9JYlql,Crazy She Calls Me,10,Chet Baker,0.435,0.133,5.0,-14.205,0.0331,0.978,0.932,0.065,0.151,96.451
3rH8eSx6LSmnmkOPLudyl8,Think Beautiful,10,Chet Baker,0.423,0.243,0.0,-13.924,0.0776,0.875,0.016,0.329,0.26,76.416
2MJVuFGi7HdnSHJcXjZ9Nz,Long Ago (And Far Away),9,Chet Baker,0.572,0.202,7.0,-15.612,0.0367,0.766,0.000989,0.0834,0.588,90.127
4MWeoN1khi1EPbd8C8fauC,How Long Has This Been Going On,9,Chet Baker,0.554,0.0305,5.0,-16.945,0.0451,0.984,0.929,0.101,0.252,115.385
65QZVzhzTNmnl69S4NwfJk,The Phoenix Love Them (Senza Fine),9,Chet Baker,0.643,0.34,3.0,-12.124,0.0337,0.769,0.816,0.09,0.559,108.71
16OHsLADczc8fwoOkvu0nk,For Minors Only,9,Chet Baker,0.697,0.376,8.0,-9.303,0.06,0.311,8.85e-05,0.183,0.732,110.745
3s6ehwKtRVylPtqg8UDKRt,My Funny Valentine,10,Chet Baker,0.44,0.0302,0.0,-18.564,0.0375,0.929,0.00836,0.109,0.213,107.716
5QOaI5h4ZrwfwC4L7pRyQX,Forgetful,9,Chet Baker,0.543,0.0269,7.0,-21.029,0.0432,0.965,0.00395,0.0992,0.163,122.222
2nt3ND0kyOgz5yknHIENJ4,Comin' Down,9,Chet Baker,0.46,0.479,5.0,-10.536,0.056,0.693,0.229,0.237,0.659,80.995
4BLWrMQLaoFoYz7Uq6IJI0,Phil's Blues,9,Chet Baker,0.634,0.477,1.0,-8.546,0.0331,0.37,0.0116,0.0503,0.643,106.325
6RJyYDJ25KGvF1mUWFB2Uu,While My Lady Sleeps,8,Chet Baker,0.513,0.0181,0.0,-22.111,0.0436,0.955,0.00227,0.108,0.142,121.788
3T1f0cI8oZqUhNMAhoF4kq,This Is The Thing,8,Chet Baker,0.537,0.49,0.0,-11.018,0.0375,0.646,0.00549,0.265,0.702,96.013
1P8aq46N4LVSEwmIrAMRJs,All The Things You Are,8,Chet Baker,0.606,0.257,8.0,-17.678,0.0392,0.712,1.16e-05,0.345,0.524,89.112
3i9PedMXGqAnWsppMoqh5o,One With One,8,Chet Baker,0.505,0.119,11.0,-16.944,0.0436,0.968,0.485,0.0857,0.326,63.64
6bxnt6GE4WFi6H2avNJN7G,Tommyhawk,8,Chet Baker,0.592,0.544,7.0,-7.344,0.0311,0.818,0.000105,0.203,0.685,101.662
6Nqwe7T0r7y6cjXqGLL4NC,Once In A While,8,Chet Baker,0.521,0.21,7.0,-15.986,0.0405,0.866,0.753,0.109,0.521,94.674
2YMy5iZK9IUyOV9a5P7rs8,You Can't Go Home Again,9,Chet Baker,0.173,0.242,1.0,-13.287,0.0312,0.914,0.0173,0.139,0.19,80.303
4szB8DFQSJPeS1XaANWWDE,Pamela's Passion - \,8,Chet Baker,0.523,0.391,0.0,-13.666,0.0453,0.536,0.255,0.0827,0.673,87.573
2phizSEmazhNwZLvLJCWHw,Mean To Me,7,Chet Baker,0.664,0.259,5.0,-11.934,0.0385,0.934,0.266,0.0831,0.553,114.024
7HRtCde1cATI3NB7xsFDWY,What Is There To Say,8,Chet Baker,0.612,0.0269,3.0,-16.548,0.046,0.985,0.863,0.104,0.16,117.74
7cWEIYbfQWsqtvzsnF28XA,These Foolish Things (Remind Me Of You),8,Chet Baker,0.505,0.203,10.0,-12.8,0.0357,0.971,0.778,0.149,0.181,129.822
5ujwI5IWTnS8uwAkSjUWFP,For All We Know,38,Chet Baker,0.295,0.044,10.0,-25.261,0.0358,0.899,0.567,0.673,0.0752,50.323
12o1xmYhDACNolRBMscS2F,Portrait in Black and White,37,Chet Baker,0.444,0.201,7.0,-19.577,0.041,0.794,0.383,0.667,0.168,93.156
6en7QaJN7WqDOdafXTlVHK,Broken Wing,35,Chet Baker,0.499,0.12,1.0,-22.96,0.0413,0.827,0.522,0.696,0.205,110.807
5hqvqiMcaM9eHMpxoH4DNW,I'm a Fool to Want You,35,Chet Baker,0.398,0.0756,5.0,-21.655,0.0362,0.819,0.246,0.587,0.116,60.606
5gvmBsrEbdBThWS5nB5JJQ,Stella by Starlight,32,Chet Baker,0.515,0.214,7.0,-19.971,0.0586,0.476,0.0168,0.597,0.231,139.884
5OfJU27y7noTutBSgqRhH7,For Minors Only,30,Chet Baker,0.487,0.466,10.0,-15.334,0.0571,0.243,0.0544,0.658,0.689,130.053
5uhMsBdQ4UjZfB8OvoW3bt,You'd Be so Nice to Come Home to,30,Chet Baker,0.502,0.48,0.0,-12.21,0.0692,0.816,0.837,0.742,0.384,144.596
5kG4Rfo604m8mlN43VOXEW,Arborway,29,Chet Baker,0.362,0.325,8.0,-18.941,0.0361,0.675,0.256,0.688,0.294,142.969
4SO67bemSyzuGeBlUjS9HP,Four,28,Chet Baker,0.49,0.409,10.0,-15.944,0.0439,0.253,0.0248,0.961,0.629,106.408
4cUpl7HByfY3ZRWxJJYB9T,Almost Blue,42,Chet Baker,0.367,0.0489,0.0,-23.242,0.0345,0.933,0.463,0.684,0.0778,107.596
2cvVaStepQEHpvkoY5mde2,Beatrice,28,Chet Baker,0.444,0.727,10.0,-8.403,0.0461,0.341,0.699,0.791,0.48,79.537
6L4dd2HeGmHqBZIBCXi6ZK,My Funny Valentine,29,Chet Baker,0.44,0.0971,8.0,-19.782,0.0414,0.711,0.211,0.473,0.15,132.298
5LMn9LvSIvXhIX8Ogai2XQ,Seven Steps to Heaven,26,Chet Baker,0.409,0.42,10.0,-16.494,0.0779,0.312,0.00272,0.91,0.478,87.18
4KPRNaD7aEVDZGpOsig2TW,Bockhanal - Alternate Take,0,Chet Baker,0.617,0.497,3.0,-11.519,0.0404,0.865,0.85,0.15,0.96,141.431
1wO3eWAHLnt5nopU0f6ukd,Happy Little Sunbeam,0,Chet Baker,0.7,0.38,2.0,-12.33,0.0433,0.934,0.946,0.0549,0.858,123.693
13CVSGLSFl4UxpDVR6u3dq,Strangers By Nature,59,Adele,0.387,0.253,5.0,-8.901,0.0336,0.798,0.000159,0.0848,0.134,68.004
46IZ0fSY2mpAiktS3KOqds,Easy On Me,81,Adele,0.604,0.366,5.0,-7.519,0.0282,0.578,0.0,0.133,0.13,141.981
2DuPBbS5mIldXnh7Wum8Cy,My Little Love,62,Adele,0.339,0.492,1.0,-10.661,0.0559,0.829,0.00377,0.147,0.102,151.865
09u787BYeYIGd2mFIJ505t,Cry Your Heart Out,60,Adele,0.756,0.713,7.0,-6.917,0.102,0.523,3.35e-06,0.248,0.59,125.064
3Kkjo3cT83cw09VJyrLNwX,Oh My God,73,Adele,0.534,0.725,1.0,-3.906,0.046,0.091,0.0,0.0264,0.55,88.098
6w8ZPYdnGajyfPddTWdthN,Can I Get It,66,Adele,0.703,0.68,9.0,-6.118,0.0431,0.0171,0.0,0.178,0.536,97.985
6v0UJD4a2FtleHeSYVX02A,I Drink Wine,71,Adele,0.437,0.565,10.0,-5.596,0.0466,0.697,0.0,0.119,0.306,115.389
496vIKS2INz840xZaKncvR,All Night Parking (with Erroll Garner) Interlude,62,Adele,0.734,0.497,8.0,-9.666,0.166,0.67,2.35e-05,0.194,0.307,127.989
2c6xRsQBv7pynuhYhWoHxo,Woman Like Me,58,Adele,0.594,0.37,4.0,-10.561,0.173,0.749,3.2e-05,0.132,0.329,145.601
6bGMSP3H9YqkmaLnaJTIoF,Hold On,61,Adele,0.366,0.364,0.0,-7.814,0.0433,0.858,1.15e-05,0.165,0.459,165.902
10ImcQk9tihY1EKMDIbvXJ,To Be Loved,63,Adele,0.356,0.176,8.0,-8.291,0.0391,0.843,0.0,0.231,0.289,170.425
2j3GxEsbNYNeEzz86wDY4J,Love Is A Game,61,Adele,0.269,0.591,10.0,-5.79,0.0416,0.453,0.000695,0.0702,0.228,183.793
0gplL1WMoJ6iYaPgMCL0gX,Easy On Me,78,Adele,0.604,0.366,5.0,-7.519,0.0282,0.578,0.0,0.133,0.13,141.981
5UrwEPYUW7zLUcHdSaD4zT,Hometown Glory,40,Adele,0.482,0.333,1.0,-10.956,0.0302,0.963,0.000906,0.117,0.284,122.546
1ESvthpg6hWmjlNJdpTrbH,Hometown Glory - High Contrast Remix,46,Adele,0.529,0.861,10.0,-6.306,0.0436,0.000621,0.175,0.109,0.116,173.021
6H8M8zVbFjejsqwJbEOsTf,Hometown Glory - High Contrast Remix Instrumental,25,Adele,0.601,0.852,10.0,-6.841,0.0533,0.000153,0.779,0.115,0.106,173.011
3rTF4xvF6xKI9WiLg8LFWn,Water Under the Bridge,36,Adele,0.59,0.833,5.0,-6.503,0.0615,0.0142,5.4e-06,0.105,0.538,94.963
5GltPAIcCUULOIAglW6R4l,Send My Love (To Your New Lover),41,Adele,0.688,0.533,6.0,-8.363,0.0865,0.0355,3.48e-06,0.172,0.567,164.069
3JKyJqHht1tCGEF7RNqnjM,Better Than Snow,0,Laufey,0.389,0.128,0.0,-14.454,0.0386,0.977,8.24e-05,0.105,0.173,83.147
3JKyJqHht1tCGEF7RNqnjM,Better Than Snow,0,Laufey,0.389,0.128,0.0,-14.454,0.0386,0.977,8.24e-05,0.105,0.173,83.147
4gJXJkd0zFFanZL2w0RsMB,Where or When,65,Laufey,0.277,0.285,0.0,-10.786,0.0348,0.97,0.0731,0.1,0.171,87.281
7zDeqKpbIzYAryslwO5asr,Where or When,21,Laufey,0.277,0.285,0.0,-10.786,0.0348,0.97,0.0731,0.102,0.171,87.281
5pdc3oeoqidUv0pem5xenZ,Bewitched - Rework,51,Laufey,0.274,0.0275,3.0,-29.952,0.0425,0.992,0.91,0.108,0.0382,72.523
7LosK92bbUaBb6dTHLESRv,Bewitched,48,Laufey,0.283,0.195,1.0,-12.154,0.0331,0.947,8.28e-05,0.111,0.319,138.953
59ufJBDa8L0dduJwcxXnZj,Dreamer,58,Laufey,0.613,0.146,2.0,-11.211,0.0394,0.954,0.0,0.0857,0.413,117.075
7sOUsRHqnu18iSYE0KM11f,Second Best,57,Laufey,0.419,0.204,10.0,-14.566,0.0343,0.952,1.45e-05,0.0999,0.154,135.141
6HD9dZsgPNrfu3cF1hqDob,Haunted,56,Laufey,0.481,0.266,7.0,-14.83,0.0284,0.962,0.0133,0.127,0.0932,109.087
2JGbFWHHaEI06ju458U1bI,Must Be Love,55,Laufey,0.413,0.171,0.0,-13.432,0.0348,0.962,0.000256,0.108,0.224,142.205
2vYe5IUwGeU3JgEZhxhKey,While You Were Sleeping,56,Laufey,0.299,0.333,4.0,-10.896,0.0343,0.931,4.19e-05,0.291,0.395,156.164
4bKuWOD35m2axLUKh5h3sl,Lovesick,56,Laufey,0.583,0.372,4.0,-9.58,0.0281,0.664,9.51e-06,0.112,0.338,104.973
7LviscbwsdfnVv1VYwx7l0,California and Me,55,Laufey,0.319,0.285,4.0,-11.803,0.0352,0.975,0.00139,0.103,0.234,76.827
7d10kpDvGHt2F2vIBewbFr,Nocturne (Interlude),54,Laufey,0.335,0.125,2.0,-16.564,0.036,0.989,0.947,0.109,0.0355,164.778
4kfAR8qSzipaG0K9Uw7qp6,Promise,57,Laufey,0.263,0.112,5.0,-16.55,0.0344,0.935,8.5e-05,0.0565,0.0903,76.244
29Gys08x2u3ZSERTe0WvbE,From The Start,55,Laufey,0.664,0.405,1.0,-7.413,0.08,0.877,0.000765,0.11,0.743,81.89
07glT1JH8qWRe3Om4dGcrC,Misty,54,Laufey,0.321,0.181,0.0,-12.758,0.0367,0.956,1.6e-05,0.0977,0.115,66.539
0IcQVGl2Y8Rkf6ezmn4RHD,Serendipity,54,Laufey,0.388,0.122,5.0,-14.536,0.0407,0.98,0.000223,0.115,0.224,125.218
2zlvJLzZdU00biRqmxQBNA,Letter To My 13 Year Old Self,55,Laufey,0.521,0.141,10.0,-14.915,0.03,0.97,0.000114,0.0992,0.235,92.06
2e0txm9dWOYCWbfUvPqU75,Bewitched,54,Laufey,0.283,0.195,1.0,-12.154,0.0331,0.947,8.28e-05,0.111,0.319,138.953
2SPbioo65CuUB3H0aW1ID5,Bored,74,Laufey,0.508,0.419,7.0,-9.786,0.0429,0.912,2.22e-05,0.114,0.257,139.109
0Ah2wJirVEGUITkcPU6ali,Trouble,62,Laufey,0.335,0.182,6.0,-13.905,0.0926,0.926,3.54e-06,0.105,0.245,197.286
1pyfaPU3aw8JorXRJQf6cs,It Could Happen To You,63,Laufey,0.681,0.278,2.0,-10.758,0.0446,0.779,3.61e-05,0.108,0.431,80.562
2SEeyc2KS9DIjiJPCYtfgJ,Goddess,67,Laufey,0.372,0.128,5.0,-12.997,0.0355,0.973,0.000315,0.0916,0.172,78.949
0yWvRhhVKxaUB1ImFvCLTw,"Symphony No. 1 in C Minor, Op. 11: I. Allegro di molto",4,Felix Mendelssohn,0.315,0.287,8.0,-15.725,0.0384,0.82,0.898,0.214,0.218,120.838
5pmjRsuhS7SnKWvfGmE2Nz,"Symphony No. 1 in C Minor, Op. 11: II. Andante",4,Felix Mendelssohn,0.0632,0.0392,10.0,-30.424,0.0464,0.742,0.93,0.11,0.0496,58.322
2pehPnOI3mUlfEaGq44aOX,"Symphony No. 1 in C Minor, Op. 11: III. Menuetto. Allegro molto",4,Felix Mendelssohn,0.242,0.18,8.0,-18.478,0.0327,0.757,0.817,0.194,0.299,100.789
44mr451O7XYiQGvZW3Utyx,"Symphony No. 1 in C Minor, Op. 11: IV. Allegro con fuoco",3,Felix Mendelssohn,0.38,0.327,0.0,-13.672,0.0396,0.854,0.923,0.313,0.356,136.417
7rdADXdFnI4o2o22lrqRUx,"Symphony No. 2 in B-Flat Major, Op. 52 ""Hymn of Praise"": I. Sinfonia: a. Maestoso con moto",3,Felix Mendelssohn,0.218,0.226,10.0,-15.443,0.0352,0.949,0.927,0.129,0.0974,142.59
7HHMKQVXXox2v8G1TSPrxW,"Symphony No. 2 in B-Flat Major, Op. 52 ""Hymn of Praise"": I. Sinfonia: b. Allegretto un poco agitato",3,Felix Mendelssohn,0.102,0.125,7.0,-23.643,0.0492,0.926,0.874,0.31,0.108,74.422
0mdoTH4XN4RseuKnBP5rd8,"Symphony No. 2 in B-Flat Major, Op. 52 ""Hymn of Praise"": I. Sinfonia: c. Adagio religioso",3,Felix Mendelssohn,0.0627,0.071,2.0,-23.763,0.0443,0.927,0.767,0.121,0.0359,61.115
5JhqJ1F7dwY2zubmpGXdRZ,"Symphony No. 2 in B-Flat Major, Op. 52 ""Hymn of Praise"": II. Chorus. Alles was Odem hat lobe den Herrn – Solo. Lobe den Herrn, meine Seele",3,Felix Mendelssohn,0.208,0.346,10.0,-15.361,0.0787,0.98,0.0297,0.181,0.0906,76.384
5nHBBAS5mAoYatyRcGEEyG,"Symphony No. 2 in B-Flat Major, Op. 52 ""Hymn of Praise"": III. Recit. Saget es, die ihr erlöst seid... Aria. Er zählet unsre Tränen",2,Felix Mendelssohn,0.284,0.0888,7.0,-23.538,0.0435,0.91,0.00023,0.299,0.147,82.612
5Ee98IJNInvSDtq3EyBmMr,"Symphony No. 2 in B-Flat Major, Op. 52 ""Hymn of Praise"": IV. Chorus. Sagt es, die ihr erlöst seid",2,Felix Mendelssohn,0.177,0.151,7.0,-23.034,0.0418,0.984,0.867,0.0935,0.193,113.995
2TkQsDNRjxKZ7oYn8yBkip,"Symphony No. 2 in B-Flat Major, Op. 52 ""Hymn of Praise"": V. Duet & Chorus. Ich harrete des Herrn",2,Felix Mendelssohn,0.231,0.132,3.0,-21.822,0.0479,0.985,0.0332,0.102,0.0385,75.158
4pWBWbW0XpnbDM7Bd7KTAw,"Symphony No. 2 in B-Flat Major, Op. 52 ""Hymn of Praise"": VI. Solo. Stricke des Todes hatten uns umfangen",2,Felix Mendelssohn,0.235,0.112,4.0,-20.738,0.0398,0.968,0.000104,0.202,0.0387,79.611
2NUlfuMckDgaZ9xeWE2Nyt,"Symphony No. 2 in B-Flat Major, Op. 52 ""Hymn of Praise"": VII. Chorus. Die Nacht ist vergangen",2,Felix Mendelssohn,0.284,0.48,2.0,-11.771,0.038,0.969,0.0248,0.161,0.128,96.648
14HxknZv2cmQsMKO39Vncr,"Symphony No. 2 in B-Flat Major, Op. 52 ""Hymn of Praise"": VIII. Chorale. Nun danket alle Gott",2,Felix Mendelssohn,0.12,0.159,7.0,-21.206,0.0354,0.966,0.863,0.127,0.0389,79.413
199lrC3NAZvU2crQiYgOaa,"Symphony No. 2 in B-Flat Major, Op. 52 ""Hymn of Praise"": IX. Duet. Drum sing ich mit meinem Liede",2,Felix Mendelssohn,0.289,0.129,10.0,-21.15,0.0427,0.968,0.00156,0.097,0.132,85.389
1F8U8ykaPMxySrW68Aznqz,"Symphony No. 2 in B-Flat Major, Op. 52 ""Hymn of Praise"": X. Chorus. Ihr Völker, bringet Her dem Herrn Ehre und Macht!",2,Felix Mendelssohn,0.201,0.445,10.0,-12.788,0.0323,0.984,0.581,0.206,0.187,87.963
2i5ZlqSyXLxtPPnyVgnv4r,"The Hebrides Overture, Op. 26 ""Fingal's Cave""",2,Felix Mendelssohn,0.225,0.154,7.0,-16.079,0.0404,0.917,0.916,0.18,0.0699,123.555
4OXgkbcfjm1VRK6FQMH1xl,"Symphony No. 3 in A Minor, Op. 56 ""Scottish"": I. Andante con moto – Allegro un poco agitato",2,Felix Mendelssohn,0.0904,0.171,9.0,-16.538,0.042,0.938,0.895,0.117,0.0393,76.13
5iBLCPRzbvhQUnvLqSKy5p,"Symphony No. 3 in A Minor, Op. 56 ""Scottish"": II. Vivace non troppo",1,Felix Mendelssohn,0.379,0.243,5.0,-17.411,0.0537,0.955,0.862,0.0947,0.295,123.22
6TgsZdtaOoPtA5i7K5GtAv,"Symphony No. 3 in A Minor, Op. 56 ""Scottish"": III. Adagio",2,Felix Mendelssohn,0.0765,0.106,9.0,-17.905,0.0362,0.957,0.882,0.118,0.0375,79.489
4eGcQeQBdKNvuJjUQe2PI2,"Symphony No. 3 in A Minor, Op. 56 ""Scottish"": IV. Allegro vivacissimo – Allegro maestoso assai",2,Felix Mendelssohn,0.314,0.265,9.0,-14.956,0.0419,0.944,0.891,0.121,0.248,117.307
2zdtPQQrv3MIDelWI4APLT,"Symphony No. 4 in A Major, Op. 90 ""Italian"": I. Allegro vivace",2,Felix Mendelssohn,0.26,0.283,9.0,-15.186,0.0436,0.954,0.862,0.127,0.224,143.178
2cVCHQuQ2OTDKpZq3mWFrU,"Symphony No. 4 in A Major, Op. 90 ""Italian"": II. Andante con moto",2,Felix Mendelssohn,0.232,0.063,2.0,-23.315,0.037,0.976,0.583,0.0801,0.152,130.862
74QTXp5GLLfcXjxXkxrvEZ,"Symphony No. 4 in A Major, Op. 90 ""Italian"": III. Con moto moderato",2,Felix Mendelssohn,0.149,0.0809,9.0,-22.301,0.0382,0.973,0.924,0.386,0.0596,99.418
7fcebOuLCoB16toK61h7YI,"Symphony No. 4 in A Major, Op. 90 ""Italian"": IV. Saltarello. Presto",1,Felix Mendelssohn,0.403,0.212,9.0,-16.287,0.035,0.97,0.927,0.222,0.362,94.903
4IbFnbugWxvKC8WEqIrkv1,"Symphony No. 5 in D Minor, Op. 107 ""Reformation"": I. Andante – Allegro con fuoco",1,Felix Mendelssohn,0.137,0.158,2.0,-16.823,0.0389,0.918,0.919,0.0627,0.0594,69.512
5HdzY4YieHeLOqURg2I0mK,"Symphony No. 5 in D Minor, Op. 107 ""Reformation"": II. Allegro vivace",1,Felix Mendelssohn,0.261,0.0406,10.0,-21.543,0.0342,0.959,0.888,0.0956,0.199,145.327
5TcJqUPijH7dwSRitJGLLv,"Symphony No. 5 in D Minor, Op. 107 ""Reformation"": III. Andante",1,Felix Mendelssohn,0.088,0.0339,7.0,-28.922,0.0468,0.904,0.898,0.104,0.0349,84.872
59kEpbIuAXhiaRjwzQdG2W,"Symphony No. 5 in D Minor, Op. 107 ""Reformation"": IV. Andante con moto (Chorale ""Ein feste Burg"")",1,Felix Mendelssohn,0.199,0.263,2.0,-13.758,0.0313,0.926,0.902,0.114,0.145,77.386
4x0PCnBJjZP7MnkXvnZzJ6,"Violin Concerto in E Minor, Op. 64: I. Allegro molto appassionato –",2,Felix Mendelssohn,0.231,0.0689,4.0,-25.645,0.0446,0.911,0.00606,0.132,0.0836,94.97
3TkwrbkMEdiA7utTTbOuZC,"Violin Concerto in E Minor, Op. 64: II. Andante",1,Felix Mendelssohn,0.155,0.0263,0.0,-32.465,0.0458,0.871,0.0242,0.0739,0.0365,101.423
3Hoef5kbWtmmc9GQmxuMGV,"Violin Concerto in E Minor, Op. 64: III. Allegretto non troppo – Allegro molto vivace",1,Felix Mendelssohn,0.357,0.0825,4.0,-24.857,0.0536,0.932,0.0253,0.0959,0.332,157.901
07aqixV5rsTFYVrvAWnkfr,"Lieder ohne Worte, Op. 102: No. 5 Allegro vivace (Arr. Ottensamer for Clarinet and Strings)",12,Felix Mendelssohn,0.607,0.351,4.0,-16.979,0.103,0.962,0.916,0.118,0.328,160.307
7mYIbBV6TmTuiXpcq1b9SQ,"Lieder ohne Worte, Op. 62 - Version for Piano Duet: No. 2 Allegro con fuoco in B Flat Major",11,Felix Mendelssohn,0.402,0.499,10.0,-22.168,0.11,0.988,0.849,0.679,0.255,75.218
2xfiVC1qDTEpJk6cJORFbE,"Viola Sonata in C Minor, MWV Q14: III. Andante con variazioni: e. Var. 4",10,Felix Mendelssohn,0.233,0.164,0.0,-23.156,0.0465,0.992,0.639,0.116,0.154,72.351
66uXbeKfs6fvZWYdR8hYfA,"Variations Concertantes, Op. 17, MWV Q19: Variation 4",10,Felix Mendelssohn,0.296,0.16,2.0,-20.85,0.0374,0.993,0.931,0.127,0.846,77.503
4DXtzlyit7DVXQRrH6vNI6,"Variations Concertantes, Op. 17, MWV Q19: Theme",9,Felix Mendelssohn,0.264,0.047,2.0,-26.063,0.0408,0.991,0.871,0.106,0.32,116.664
1J3awLi3ErCbpNpuQ7bPy5,"Viola Sonata in C Minor, MWV Q14: III. Andante con variazioni: f. Var. 5",9,Felix Mendelssohn,0.626,0.0318,0.0,-31.707,0.0543,0.996,0.739,0.172,0.532,95.927
3vzZc4f7RCgigNV5KX2NMO,"Viola Sonata in C Minor, MWV Q14: III. Andante con variazioni: g. Var. 6",10,Felix Mendelssohn,0.32,0.17,0.0,-23.324,0.039,0.978,0.953,0.161,0.237,72.999
2q2kxMuk7QKbpRTt5Sa2uh,"Lieder ohne Worte, Op. 62 - Version for Piano Duet: No. 5 Andante in A Minor ""Venetian Gondola Song""",9,Felix Mendelssohn,0.48,0.0226,9.0,-29.414,0.0511,0.995,0.961,0.0989,0.126,64.646
6DJfAeluVNsmjFrYhzCOi0,"Lieder ohne Worte, Op. 85: No. 6 Allegretto con moto (Arr. Ottensamer for Clarinet and Piano)",9,Felix Mendelssohn,0.295,0.0312,10.0,-27.535,0.0433,0.995,0.798,0.0933,0.471,172.18
2xL5J8tGDmxpcPGWutzPsI,"Variations Concertantes, Op. 17, MWV Q19: Variation 6",8,Felix Mendelssohn,0.281,0.0386,2.0,-32.502,0.0398,0.986,0.811,0.117,0.587,81.024
76mQgscPTNQuay32JrUI2v,"Viola Sonata in C Minor, MWV Q14: III. Andante con variazioni: h. Var. 7",8,Felix Mendelssohn,0.486,0.234,0.0,-16.63,0.0371,0.989,0.733,0.228,0.56,113.267
3JfycD0SjVGc62DRrotwtp,"Viola Sonata in C Minor, MWV Q14: III. Andante con variazioni: c. Var. 2",7,Felix Mendelssohn,0.294,0.121,0.0,-23.064,0.0383,0.981,0.404,0.253,0.366,100.227
1qkAWaRuj4aBMQMnKTHP28,"Piano Trio No. 2 in C Minor, Op. 66, MWV Q33: 2. Andante espressivo",6,Felix Mendelssohn,0.495,0.304,7.0,-23.686,0.0453,0.974,0.905,0.263,0.65,100.201
3JVkrELqSvZt90d4p5CC8Z,"Viola Sonata in C Minor, MWV Q14: III. Andante con variazioni: d. Var. 3",6,Felix Mendelssohn,0.736,0.218,5.0,-22.641,0.0882,0.992,0.762,0.167,0.863,122.674
5tbQPJLgTcRkfvtibURaqY,"Variations Concertantes, Op. 17, MWV Q19: Variation 2",6,Felix Mendelssohn,0.297,0.0406,2.0,-32.801,0.0378,0.994,0.957,0.129,0.645,107.815
5VwS4jCP8HFWKQd6pICG9a,"Variations Concertantes, Op. 17, MWV Q19: Variation 1",5,Felix Mendelssohn,0.239,0.0285,2.0,-28.873,0.0557,0.995,0.973,0.0999,0.457,121.475
3FNMMiTXE3F0u6IDf4fnTj,"Variations Concertantes, Op. 17, MWV Q19: Variation 5",5,Felix Mendelssohn,0.416,0.075,9.0,-25.37,0.0364,0.995,0.915,0.146,0.75,149.389
0borRLAYiec9HU8rNr0D5g,"Variations Concertantes, Op. 17, MWV Q19: Variation 3",5,Felix Mendelssohn,0.356,0.172,11.0,-20.462,0.0403,0.993,0.818,0.26,0.604,118.015
3cxbPdBVOroOE8HMJXyRfs,"Lieder ohne Worte, Op. 62 - Version for Piano Duet: No. 4 Allegro con anima in G Major ""Morning Song""",4,Felix Mendelssohn,0.419,0.0426,7.0,-29.64,0.0919,0.995,0.878,0.358,0.107,84.551
4Kd3eq1UDHsm9YffMJ0LZI,"Viola Sonata in C Minor, MWV Q14: III. Andante con variazioni: a. Theme",4,Felix Mendelssohn,0.324,0.0237,0.0,-30.249,0.038,0.99,0.199,0.201,0.185,95.367
6112NTInZO76k3eaORYiVQ,"Mendelssohn: Symphony No. 2 in B-Flat Major, Op. 52, MWV A18 ""Lobgesang"": I. Sinfonia",10,Felix Mendelssohn,0.133,0.0935,7.0,-21.704,0.0401,0.949,0.866,0.107,0.0529,72.211
2IKZdZJz1n41EMgsMn0VFw,"Mendelssohn: Symphony No. 2 in B-Flat Major, Op. 52, MWV A18 ""Lobgesang"": II. Allegro maestoso. ""Alles, was Odem hat, lobe den Herrn!""",8,Felix Mendelssohn,0.252,0.259,10.0,-17.137,0.0307,0.966,0.805,0.717,0.237,101.709
2GVvDswXv5fXGbKCNfZKHV,"Mendelssohn: Symphony No. 2 in B-Flat Major, Op. 52, MWV A18 ""Lobgesang"": III. Molto più moderato ma con fuoco. ""Lobe den Herrn"" - Rezitativ. ""Saget es""",7,Felix Mendelssohn,0.354,0.0977,10.0,-21.288,0.0573,0.988,2.39e-05,0.288,0.0999,91.638
7bsgMG8tzwtd2JnE3Jbkew,"Mendelssohn: Symphony No. 2 in B-Flat Major, Op. 52, MWV A18 ""Lobgesang"": IV. Allegro moderato. ""Er zählet unsre Tränen""",7,Felix Mendelssohn,0.236,0.082,7.0,-22.831,0.0404,0.959,6.67e-06,0.162,0.166,88.454
2EG2fo9n1WSXnDJz1Fkdfw,"Mendelssohn: Symphony No. 2 in B-Flat Major, Op. 52, MWV A18 ""Lobgesang"": V. Chor. ""Sagt es, die ihr erlöset seid""",7,Felix Mendelssohn,0.179,0.121,7.0,-24.509,0.0479,0.979,0.872,0.15,0.202,125.086
4U4XIDOxzxUXNoXuym58T5,"Mendelssohn: Symphony No. 2 in B-Flat Major, Op. 52, MWV A18 ""Lobgesang"": VI. Andante. ""Ich harrete des Herrn""",7,Felix Mendelssohn,0.249,0.0689,3.0,-23.696,0.045,0.988,0.000272,0.125,0.0399,91.086
78aC2DgvLo8PnnPNstXuEB,"Mendelssohn: Symphony No. 2 in B-Flat Major, Op. 52, MWV A18 ""Lobgesang"": VII. Allegro un poco agitato. ""Stricke des Todes hatten uns""",6,Felix Mendelssohn,0.302,0.0725,0.0,-22.495,0.0405,0.977,0.0,0.112,0.064,132.522
5dV4iKl6PdGPBjQgQr7Dpy,"Mendelssohn: Symphony No. 2 in B-Flat Major, Op. 52, MWV A18 ""Lobgesang"": VIII. Allegro maestoso e molto vivace. ""Die Nacht ist vergangen""",6,Felix Mendelssohn,0.256,0.313,2.0,-16.803,0.0397,0.963,0.229,0.118,0.121,100.176
7Mg2zYkoQgyaMrWnL5TgHu,"Mendelssohn: Symphony No. 2 in B-Flat Major, Op. 52, MWV A18 ""Lobgesang"": IX. Choral. ""Nun danket alle Gott""",6,Felix Mendelssohn,0.064,0.105,7.0,-23.639,0.0379,0.973,0.489,0.161,0.0612,60.057
3xqkOjke4p7miH3W4TGYPA,"Mendelssohn: Symphony No. 2 in B-Flat Major, Op. 52, MWV A18 ""Lobgesang"": X. Andante sostenuto assai. ""Drum sing ich mit meinem Liede ewig""",6,Felix Mendelssohn,0.242,0.1,10.0,-20.671,0.051,0.985,2.08e-06,0.103,0.102,83.393
3lUtvoAJZeJdSn6viyj5S6,"Mendelssohn: Symphony No. 2 in B-Flat Major, Op. 52, MWV A18 ""Lobgesang"": XI. Schlusschor. ""Ihr Völker! Bringet her dem Herrn""",6,Felix Mendelssohn,0.228,0.301,10.0,-16.194,0.0317,0.966,0.922,0.198,0.251,95.868
7b0ZEXkwXcRLW3groqOm9O,"Lieder ohne Worte, Op. 53: 1. Andante con moto",6,Felix Mendelssohn,0.253,0.0526,8.0,-27.744,0.0376,0.994,0.872,0.0886,0.0896,133.032
2sb45OPWzuiYkuU18fX5vi,"Lieder ohne Worte, Op. 67: 4. Presto ""The Bee's Wedding""",6,Felix Mendelssohn,0.255,0.133,0.0,-28.373,0.0342,0.995,0.858,0.103,0.518,152.906
1XfvLWSqSha7lKjr1dmRNH,"Lieder ohne Worte, Op. 53: 2. Allegro non troppo ""The Fleecy Cloud""",5,Felix Mendelssohn,0.214,0.0585,3.0,-26.765,0.0354,0.994,0.884,0.0955,0.205,172.208
1h2O0rJiWPJ6bJAgIaORPe,"Lieder ohne Worte, Op. 53: 3. Presto agitato",5,Felix Mendelssohn,0.328,0.189,7.0,-19.526,0.0338,0.987,0.884,0.0894,0.0823,102.19
0aWhW9gPEL5xp86Glb20MH,"Lieder ohne Worte, Op. 62: 1. Andante espressivo",5,Felix Mendelssohn,0.266,0.0154,7.0,-31.338,0.0327,0.994,0.86,0.0703,0.0778,73.016
5VA2k25rVMmYNmqvVJUg5B,"Lieder ohne Worte, Op. 85: 6. Allegretto con moto",5,Felix Mendelssohn,0.325,0.0984,10.0,-30.732,0.0343,0.995,0.894,0.131,0.497,141.367
0D8GrCxgn4nNfK7k6UzQyF,"Lieder ohne Worte, Op. 19: 6. Andante sostenuto ""Venetian Gondola Song""",5,Felix Mendelssohn,0.432,0.00909,7.0,-33.725,0.0423,0.995,0.919,0.0763,0.275,109.616
6sCaVlhDOaPoKNRwC3qxkH,"Lieder ohne Worte, Op. 30: 3. Adagio non troppo",5,Felix Mendelssohn,0.465,0.0034,4.0,-30.052,0.0494,0.994,0.946,0.125,0.41,129.76
2pYTPqHacqq8jMbQaYPx6r,"Lieder ohne Worte, Op. 30: 4. Agitato e con fuoco",5,Felix Mendelssohn,0.316,0.336,7.0,-18.891,0.0347,0.99,0.905,0.0987,0.364,96.029
24MvaZsuFmyRtmDuhx0Pz5,"Lieder ohne Worte, Op. 30: 5. Andante grazioso",5,Felix Mendelssohn,0.269,0.023,2.0,-31.095,0.0299,0.993,0.833,0.165,0.2,89.461
0hrdDUtjDq8QrsT0hyBU1F,"Lieder ohne Worte, Op. 30: 6. Allegretto tranquillo ""Venetian Gondola Song""",5,Felix Mendelssohn,0.345,0.023,6.0,-30.807,0.0341,0.986,0.897,0.111,0.0392,79.304
5079oRS7ZQsU4nzcWbUzx5,"Lieder ohne Worte, Op. 102: 5. Allegro vivace ""The Joyous Peasant""",4,Felix Mendelssohn,0.369,0.0704,9.0,-33.051,0.0344,0.995,0.881,0.0809,0.373,101.846
40uAbbJrlm52C8Rku0CtaK,"Lieder ohne Worte, Op. 19: 1. Andante con moto ""Sweet Remembrance""",4,Felix Mendelssohn,0.323,0.0401,11.0,-27.734,0.0328,0.992,0.905,0.0729,0.119,86.808
774PJDEkSjVNAzRX38XeAc,"Lieder ohne Worte, Op. 19: 2. Andante espressivo",4,Felix Mendelssohn,0.346,0.0277,9.0,-32.368,0.0345,0.995,0.896,0.0664,0.177,110.858
3JuY70c3MI2vi7FyOa1GF7,"Lieder ohne Worte, Op. 19: 4. Moderato",4,Felix Mendelssohn,0.336,0.0136,9.0,-31.402,0.0374,0.995,0.896,0.0929,0.225,67.494
1Fnr7IAcuhxPuNVeE55K8X,"Lieder ohne Worte, Op. 19: 5. Agitato ""Restlessness""",4,Felix Mendelssohn,0.315,0.0913,6.0,-25.117,0.03,0.99,0.886,0.116,0.236,68.684
7t1plhWrIBeSPLRmYb6r36,"Lieder ohne Worte, Op. 38: 1. Con moto",4,Felix Mendelssohn,0.255,0.0543,3.0,-27.185,0.0395,0.992,0.878,0.0917,0.122,110.485
7ycV3bHNulyTOtvcHou9Hu,"Lieder ohne Worte, Op. 38: 2. Allegro non troppo ""Lost Happiness""",4,Felix Mendelssohn,0.267,0.183,0.0,-23.808,0.0323,0.987,0.832,0.102,0.286,89.041
6pvFGJHUp3ZqLdEHIz96Kw,"Lieder ohne Worte, Op. 38: 6. Andante con moto ""Duetto""",4,Felix Mendelssohn,0.296,0.0458,8.0,-25.776,0.0385,0.993,0.816,0.126,0.171,119.151
4wi3VhlDQBiE2EeaOG19TC,"Lieder ohne Worte, Op. 67: 6. Allegro non troppo ""Cradle Song""",4,Felix Mendelssohn,0.439,0.0388,4.0,-28.168,0.0305,0.995,0.878,0.112,0.34,69.167
5GySjKHzooOO2ng2Mgv8xu,"Lieder ohne Worte, Op. 62: 6. Allegretto grazioso ""Frühlingslied""",4,Felix Mendelssohn,0.348,0.0903,9.0,-23.312,0.0334,0.995,0.921,0.107,0.127,68.45
7fityTSNnYaUH1CJZyGVEz,"Lieder ohne Worte, Op. 102: 3. Presto ""Tarantelle""",4,Felix Mendelssohn,0.485,0.369,0.0,-26.65,0.039,0.994,0.952,0.0873,0.722,125.571
0itHtpw6xFK9Ray42tQz1p,"Piano Concerto No. 1 In G Minor, Op. 25, MWV O7: 1. Molto allegro con fuoco",3,Felix Mendelssohn,0.394,0.167,8.0,-20.712,0.0331,0.976,0.9,0.118,0.268,82.298
7LtnW2gkybv2GRK2j5W3xF,"Piano Concerto No. 1 In G Minor, Op. 25, MWV O7: 2. Andante",2,Felix Mendelssohn,0.256,0.024,4.0,-31.947,0.0359,0.983,0.901,0.0737,0.102,98.048
2eseFRDayNQJqo25pqs7aq,"Piano Concerto No. 1 In G Minor, Op. 25, MWV O7: 3. Presto",2,Felix Mendelssohn,0.407,0.191,7.0,-18.996,0.0335,0.972,0.935,0.0708,0.372,92.359
1GDN2PsKQlX6wxbov9Ffpp,"Gondellied (Barcarolle) in A Major (1837): Allegretto non troppo, MWV U 136",11,Felix Mendelssohn,0.363,0.00682,9.0,-31.247,0.0383,0.995,0.89,0.092,0.145,72.609
1YjNFKFqaSW5a2Oedz90FU,"6 Kinderstücke Op. 72: I. Allegro non troppo, MWV U 171",11,Felix Mendelssohn,0.373,0.102,7.0,-24.802,0.0525,0.995,0.867,0.196,0.325,152.04
5qxyGarYQOwl01b0bqOw0T,"6 Kinderstücke Op. 72: II. Andante sostenuto, MWV U 170",10,Felix Mendelssohn,0.423,0.0153,3.0,-29.974,0.0391,0.996,0.914,0.114,0.258,106.323
6Ut1G8MIZoRBZdhAmlBywZ,"6 Kinderstücke Op. 72: III. Allegretto, MWV U 164",10,Felix Mendelssohn,0.408,0.0615,7.0,-26.457,0.0368,0.995,0.915,0.182,0.187,88.445
4RA21ijEDsdWwj9cTe6O41,"6 Kinderstücke Op. 72: IV. Andante con moto, MWV U 169",10,Felix Mendelssohn,0.336,0.0313,2.0,-29.934,0.0404,0.996,0.905,0.0881,0.276,84.61
6CSKp0WeIANkME4lHGHSTS,"6 Kinderstücke Op. 72: V. Allegro assai, MWV U 166",10,Felix Mendelssohn,0.363,0.183,3.0,-24.42,0.0447,0.996,0.915,0.178,0.534,90.839
3baXOLILxTDwiJuXcq58Px,"6 Kinderstücke Op. 72: VI. Vivace, MWV U 168",10,Felix Mendelssohn,0.295,0.197,5.0,-25.8,0.0406,0.995,0.926,0.116,0.894,107.867
6shKHDJaUvv9cmFgfbH96g,"Lieder ohne Worte, Op. 38: No. 2. Allegro non troppo in C Minor, MWV U 115 - ""Lost Happiness""",6,Felix Mendelssohn,0.205,0.128,0.0,-23.87,0.0358,0.994,0.893,0.126,0.195,93.927
3p5V1TuNs5yJXGsYTccJyd,"Lieder ohne Worte, Op. 38: No. 6. Andante Con Moto in A Flat, MWV U 119 - ""Duetto""",6,Felix Mendelssohn,0.246,0.0524,8.0,-24.751,0.0318,0.995,0.946,0.0963,0.248,76.044
0ODsPUVPUZG6tedjEkP6kT,"Lieder ohne Worte, Op. 102: No. 1. Andante un poco agitato in E Minor, MWV U 162",6,Felix Mendelssohn,0.315,0.0222,4.0,-25.237,0.0423,0.995,0.861,0.0711,0.134,62.732
1qOMTKDRT4P34EHl65ah6S,"Lieder ohne Worte, Op. 102: No. 2. Adagio in D, MWV U 192",6,Felix Mendelssohn,0.476,0.0561,2.0,-25.621,0.0532,0.996,0.85,0.113,0.365,65.197
5cbPd1K2Uakl8HqqEibUAL,"Lieder ohne Worte, Op. 102: No. 3. Presto in C, MWV U 195 - ""Tarantelle""",5,Felix Mendelssohn,0.24,0.186,9.0,-25.996,0.0353,0.994,0.889,0.132,0.709,162.796
3BU6dQtm8Uc8xfiwxVmWdq,"Lieder ohne Worte, Op. 102: No. 4. Un poco agitato in G Minor, MWV U 152 - ""The Sighing Wind""",6,Felix Mendelssohn,0.275,0.0539,3.0,-25.65,0.0365,0.995,0.935,0.0861,0.0455,78.28
4gbJDG4FxNRVa7eNGYolYO,"Lieder ohne Worte, Op. 102: No. 5. Allegro vivace in A, MWV U 194 - ""The Joyous Peasant""",5,Felix Mendelssohn,0.324,0.192,1.0,-26.621,0.0435,0.995,0.946,0.0874,0.324,147.964
7hGMnUw5ZzWxC8JekLcWOA,"Lieder ohne Worte, Op. 102: No. 6. Andante in C, MWV U 172 - ""Belief""",5,Felix Mendelssohn,0.468,0.0405,0.0,-23.915,0.0604,0.995,0.922,0.0864,0.193,127.346
5MWDVyMAwzFaEyaYUB7iGt,"Lieder ohne Worte, Op. 85: No. 1. Andante espressivo in F, MWV U 189",5,Felix Mendelssohn,0.216,0.0223,5.0,-26.617,0.0374,0.994,0.914,0.0789,0.0827,71.48
2Khz6gG6vQknq4kBs6GQLW,"Lieder ohne Worte, Op. 85: No. 2. Allegro agitato in A Minor ""Adieu""",5,Felix Mendelssohn,0.305,0.206,9.0,-20.785,0.0465,0.991,0.879,0.105,0.143,116.9
4l3EytEgb0uaQ0zxJZnnaO,"Lieder ohne Worte, Op. 85: No. 3. Presto in E Flat, MWV U 111",5,Felix Mendelssohn,0.182,0.146,3.0,-20.073,0.034,0.992,0.899,0.0998,0.297,92.415
3EwR3WeCZcq58BpVmeFqlK,"Lieder ohne Worte, Op. 85: No. 4. Andante sostenuto in D, MWV U 190 - ""Elegy""",5,Felix Mendelssohn,0.236,0.0142,2.0,-28.8,0.0408,0.995,0.899,0.0688,0.129,69.906
23NFvgA4nyDUQOHWca3w0U,"Lieder ohne Worte, Op. 85: No. 5. Allegretto in A, MWV U 191",5,Felix Mendelssohn,0.393,0.0372,9.0,-24.176,0.0375,0.994,0.872,0.0946,0.271,83.097
6OuhULB59ydwZDe953W0kC,"Lieder ohne Worte, Op. 85: No. 6. Allegretto con moto in B Flat, MWV U 155",5,Felix Mendelssohn,0.402,0.0854,10.0,-28.007,0.038,0.996,0.869,0.129,0.542,78.188
4ngxs4qsAOaG4jV1KcVW4a,"Lieder ohne Worte, Op. 53: No. 1. Andante con moto in A Flat, MWV U 143",5,Felix Mendelssohn,0.25,0.0293,8.0,-28.815,0.0406,0.995,0.899,0.0958,0.148,81.412
5Vth7UG8hch5wCkBrwUvJP,"Lieder ohne Worte, Op. 53: No. 2. Allegro non troppo in E Flat, MWV U 109 - ""The Fleecy Cloud""",5,Felix Mendelssohn,0.276,0.0521,8.0,-25.735,0.033,0.996,0.924,0.118,0.152,86.756
1pexDpPizdn8K10RPBq76j,"Lieder ohne Worte, Op. 53: No. 3. Presto agitato in G Minor, MWV U 144",4,Felix Mendelssohn,0.341,0.0953,7.0,-24.03,0.0332,0.995,0.91,0.0949,0.326,108.82
5VD02Axl4J1DTaTrSEBUfy,"Lieder ohne Worte, Op. 53: No. 4. Adagio in F, MWV U 114 - ""Sadness of Soul""",4,Felix Mendelssohn,0.486,0.012,5.0,-32.686,0.0485,0.995,0.918,0.0635,0.246,67.667
5kNXb1rj3UJgMAblpYhWrJ,"Lieder ohne Worte, Op. 53: No. 5. Allegro in A Minor, MWV U 153 - ""Folk-Song""",4,Felix Mendelssohn,0.404,0.167,9.0,-20.488,0.0439,0.993,0.892,0.0548,0.209,132.084
5RpfxZjMvdgmVUKhQqvev8,"Lieder ohne Worte, Op. 53: No. 6. Molto allegro vivace in A, MWV U 154 - ""La fuite""",4,Felix Mendelssohn,0.343,0.112,9.0,-24.479,0.0313,0.995,0.908,0.0974,0.288,89.254
0ZhWrUnShJA8T0iPfxkSzz,"Lieder ohne Worte, Op. 62: No. 1 Andante Espressivo in G, MWV U 185",4,Felix Mendelssohn,0.283,0.0415,7.0,-26.447,0.0345,0.994,0.86,0.0971,0.168,63.883
0ORxp9JXEls4TVDmLX7NQD,"Lieder ohne Worte, Op. 62: No. 2 Allegro con fuoco in B Flat, MWV U 181",4,Felix Mendelssohn,0.297,0.271,10.0,-20.572,0.037,0.994,0.892,0.0999,0.757,73.026
4ndK6mEcxbFA3RrCgCpx5a,"Lieder ohne Worte, Op. 62: No. 3 Andante maestoso in E Minor, MWV U 177 - ""Funeral March""",4,Felix Mendelssohn,0.39,0.0153,4.0,-23.428,0.0634,0.994,0.914,0.0958,0.111,76.497
2lB2UDWtcxcJLwxA4Rf7MS,"Lieder ohne Worte, Op. 62: No. 4 Allegro con anima in G, MWV U 175 - ""Morning Song""",4,Felix Mendelssohn,0.455,0.0588,7.0,-26.346,0.0609,0.994,0.9,0.13,0.135,49.002
2bo5qLQuGhUz3Mm2Yl3dcw,"Lieder ohne Worte, Op. 62: No. 5 Andante in A Minor, MWV U 151 - ""Venetian Gondola Song""",4,Felix Mendelssohn,0.361,0.0139,10.0,-29.139,0.0478,0.995,0.908,0.079,0.113,69.611
6IM1j7SFFDf73RZMqAx2NL,"Lieder ohne Worte, Op. 62: No. 6 Allegretto grazioso ""Spring Song""",4,Felix Mendelssohn,0.414,0.0356,9.0,-28.585,0.0334,0.995,0.926,0.113,0.626,94.827
3QOyb9ooJW9muPHYTe5DOL,"Ma mère l'Oye, M. 60 - For Piano Duet: 1. Pavane de la Belle au bois dormant",0,Maurice Ravel,0.699,0.0347,0.0,-33.294,0.0656,0.991,0.936,0.0746,0.453,108.672
5xC68dSVICF62TEy0FLonr,"2 Mélodies hébraïques, M.22: 2. L'énigme Eternelle (Performed On Viola And Piano)",0,Maurice Ravel,0.106,0.031,4.0,-25.505,0.0439,0.985,0.914,0.081,0.0367,233.357
20Trw5kDKnNV9eep5TTRRh,"Ma mère l'Oye, M. 60 - For Piano Duet: 5. Le jardin féerique",0,Maurice Ravel,0.476,0.0376,9.0,-19.643,0.125,0.983,0.339,0.0538,0.0461,58.087
6PwxM7nRHuyrJEMokVA9zn,"Rapsodie espagnole, M.54 - Arr. 2 Pianos by Ravel: 3. Habanera",0,Maurice Ravel,0.336,0.00327,1.0,-34.784,0.0412,0.995,0.888,0.0781,0.0346,76.135
7fxJjCFeKMBNHYbbucIRQv,Pìece en forme de habanera,0,Maurice Ravel,0.321,0.112,7.0,-21.149,0.042,0.983,0.109,0.0778,0.182,101.43
31F1QcR4v80MssLsbKrsac,"Berceuse sur le nom de Gabriel Fauré, M. 74",0,Maurice Ravel,0.258,0.111,4.0,-20.848,0.0413,0.933,0.00717,0.133,0.0393,52.605
6fuBupFzL5hEpd8UaFaMbT,"L'Enfant et les sortilèges, M.71: Five-o'clock Foxtrott",0,Maurice Ravel,0.529,0.055,10.0,-17.969,0.0484,0.979,0.736,0.147,0.526,94.761
0G8GT0O1E0FzTab7Usi413,"Sonata for Violin & Cello, M. 73: II. Très vif",0,Maurice Ravel,0.457,0.0782,7.0,-22.19,0.0761,0.974,0.592,0.101,0.254,172.201
4G2cKcDcJSi3eQMx9MaBPg,Vocalise - Étude (en forme de habañera),0,Maurice Ravel,0.245,0.00905,0.0,-27.801,0.052,0.993,0.953,0.0472,0.0686,130.283
0F7jg2GwNVvwbbB928LYjH,"Ma mère l'Oye, M. 60 - For Piano Duet: 3. Laideronnette, impératrice des pagodes",0,Maurice Ravel,0.414,0.0902,8.0,-21.359,0.0419,0.989,0.918,0.0936,0.176,115.508
7hikK7hOLVnc5Sd1zZUaMv,"Rapsodie espagnole, M.54 - Arr. 2 Pianos by Ravel: 2. Malagueña",0,Maurice Ravel,0.399,0.0769,8.0,-28.269,0.0416,0.99,0.926,0.0784,0.176,97.01
6xJ0J5RHzTWQGBlXpEFx8f,"Ma mère l'Oye, M. 60 - For Piano Duet: 2. Petit Poucet",0,Maurice Ravel,0.469,0.0393,0.0,-27.996,0.0698,0.995,0.878,0.16,0.291,134.525
6sC3oI5rjWIO7OcFtdFc4Q,"5 Mélodies populaires grecques: Chanson Des Ceuilleuses De Lentisques, M. 5 (Performed On Viola And Piano)",0,Maurice Ravel,0.14,0.00726,9.0,-29.426,0.0455,0.982,0.663,0.067,0.0375,88.607
2DU7YWnEtNkdby3HcBIHbd,"Ravel: Boléro, M. 81 (Transcr. Ducros for Cello Ensemble)",0,Maurice Ravel,0.491,0.218,0.0,-19.151,0.0382,0.883,0.859,0.0596,0.486,66.021
3mTspSjk6vz8vmpDgoATLr,"Ravel: Pavane pour une infante défunte, M. 19 (Version for Cello and Piano)",25,Maurice Ravel,0.165,0.0398,4.0,-23.656,0.0375,0.974,0.617,0.0934,0.119,97.461
7MkBldipBo4SenhuRXCeVJ,"Ravel: Valses nobles et sentimentales, M. 61: No. 1, Modéré, très franc",6,Maurice Ravel,0.411,0.217,0.0,-19.625,0.0362,0.992,0.772,0.132,0.111,114.929
0jKsiBF09Lg0sjAjdBwesP,"Ravel: Valses nobles et sentimentales, M. 61: No. 2, Assez lent, avec une expression intense",7,Maurice Ravel,0.449,0.00408,7.0,-33.087,0.05,0.994,0.919,0.107,0.0705,134.639
3C1wghfDAqVTtvWUxBBa04,"Ravel: Valses nobles et sentimentales, M. 61: No. 3, Modéré",6,Maurice Ravel,0.448,0.0306,7.0,-31.16,0.0412,0.995,0.932,0.067,0.0738,62.24
1XxX2k61dtd4Q2SxR47p6u,"Ravel: Valses nobles et sentimentales, M. 61: No. 4, Assez animé",6,Maurice Ravel,0.272,0.0443,4.0,-31.431,0.0363,0.994,0.936,0.108,0.0537,110.219
5JxRrdNiIFpgYCNeDLlUtm,"Ravel: Valses nobles et sentimentales, M. 61: No. 5, Presque lent, dans un sentiment intime",6,Maurice Ravel,0.354,0.0216,6.0,-33.966,0.0446,0.991,0.911,0.086,0.0629,133.34
1B19RLhIbkXxYqmFvXnNgb,"Ravel: Valses nobles et sentimentales, M. 61: No. 6, Vif",6,Maurice Ravel,0.288,0.114,2.0,-28.832,0.0579,0.995,0.912,0.155,0.0853,144.605
79C6atcmgnEdKnt1hHo8Px,"Ravel: Valses nobles et sentimentales, M. 61: No. 7, Moins vif",6,Maurice Ravel,0.387,0.0923,6.0,-19.488,0.0409,0.992,0.872,0.0652,0.0625,71.513
2lPNEkuwu6UDi3yTT4JYTO,"Ravel: Valses nobles et sentimentales, M. 61: No. 8, Épilogue. Lent",6,Maurice Ravel,0.338,0.00275,0.0,-33.341,0.0454,0.988,0.89,0.0638,0.0367,75.123
7wFnY9Mso6giYum9YOJt3t,"À la manière de Chabrier, M. 63/2",8,Maurice Ravel,0.228,0.00729,7.0,-40.25,0.0404,0.994,0.933,0.0537,0.0533,68.026
45T4opCuoRAp3qbKWolTnm,"Valses nobles et sentimentales, M. 61: I. Modéré, très franc",8,Maurice Ravel,0.389,0.151,9.0,-22.678,0.0302,0.987,0.919,0.235,0.15,102.899
6qVguSVL1x3RZ2LzxnuTJs,"Valses nobles et sentimentales, M. 61: II. Assez lent, avec une expression intense",8,Maurice Ravel,0.444,0.00362,3.0,-36.243,0.044,0.989,0.929,0.0889,0.216,109.688
77fB0UuYQf8M2cVyLXOiKw,"Valses nobles et sentimentales, M. 61: III. Modéré",8,Maurice Ravel,0.34,0.0207,7.0,-36.13,0.0319,0.994,0.926,0.0629,0.156,165.565
5fkko8NayhaQuICCeqqnpl,"Valses nobles et sentimentales, M. 61: IV. Assez animé",7,Maurice Ravel,0.291,0.027,8.0,-34.585,0.0372,0.993,0.945,0.132,0.127,120.993
1uWWUgfFUkTXNZCURkd5cM,"Valses nobles et sentimentales, M. 61: V. Presque lent, dans un sentiment intime",7,Maurice Ravel,0.317,0.0164,9.0,-38.875,0.0514,0.993,0.972,0.0795,0.0413,87.458
5gdFsEhYQRi8twqmhhvaz8,"Valses nobles et sentimentales, M. 61: VI. Vif",7,Maurice Ravel,0.33,0.135,7.0,-30.183,0.0401,0.993,0.966,0.117,0.308,81.123
5zCLSIlZpXIxBTPmofgf92,"Valses nobles et sentimentales, M. 61: VII. Moins vif",7,Maurice Ravel,0.419,0.0725,9.0,-22.688,0.0417,0.991,0.88,0.0831,0.0589,110.626
7afbjReROM407oAppdXwBB,"Valses nobles et sentimentales, M. 61: VIII. Epilogue. Lent",7,Maurice Ravel,0.317,0.00134,0.0,-42.879,0.0339,0.982,0.921,0.0899,0.0373,68.229
4Os10HL80n99xNG12B93sC,"Piano Trio in A Minor, M. 67: I. Modéré",2,Maurice Ravel,0.153,0.0454,0.0,-26.507,0.0386,0.913,0.0211,0.07,0.0553,88.981
2gKczGRPf7AmACUABb7lMN,"Piano Trio in A Minor, M. 67: II. Pantoum. Assez vif",2,Maurice Ravel,0.401,0.157,0.0,-19.766,0.0373,0.947,0.598,0.0383,0.199,99.848
0qokFTrqN8TSwxgxrRaMyv,"Piano Trio in A Minor, M. 67: III. Passacaille. Très large",2,Maurice Ravel,0.081,0.0054,6.0,-26.264,0.0408,0.93,0.245,0.122,0.0722,76.297
1ucRulcX7s5qLo4PvrcR98,"Piano Trio in A Minor, M. 67: IV. Final. Animé",2,Maurice Ravel,0.224,0.189,9.0,-19.011,0.0379,0.935,0.0265,0.219,0.0717,81.175
6Q4CJcUauZuuBVIDUGM11t,"Miroirs, M. 43: I. Noctuelles",2,Maurice Ravel,0.259,0.0286,5.0,-30.786,0.0363,0.991,0.897,0.0894,0.0396,61.106
6YeZvAKsOwPLX1BIfURlcc,"Miroirs, M. 43: II. Oiseaux tristes",2,Maurice Ravel,0.2,0.00501,10.0,-36.687,0.0391,0.986,0.913,0.0997,0.0789,175.467
6PS0hdX59TTq4LJFfhs3ND,"Miroirs, M. 43: III. Une barque sur l'océan",2,Maurice Ravel,0.224,0.0521,11.0,-25.81,0.0385,0.983,0.836,0.0669,0.0314,67.838
5ScN6y1HIdgaUBTo6TbhWi,"Miroirs, M. 43: IV. Alborada del gracioso",2,Maurice Ravel,0.46,0.124,2.0,-23.682,0.0427,0.989,0.893,0.0728,0.085,128.508
5e3EolIkoz7WC3XvuOEahj,"Miroirs, M. 43: V. La vallée des cloches",2,Maurice Ravel,0.363,0.00168,1.0,-39.902,0.0418,0.993,0.917,0.057,0.0397,129.886
2bnNPMlcCenSXjnkJ37mN5,All-Night Vigil (Vespers) Op. 37: No. 5 'now Lettest Thou. Kyiv Chant' (Transcr. S.Rachmaninoff),13,Sergei Rachmaninoff,0.615,0.0284,10.0,-27.034,0.107,0.995,0.951,0.0924,0.435,99.511
1CwwQi0gStukHCSHAeclVI,"Romances, Op. 21: No. 12, 'How Painful for Me' (Arr. For Solo Piano by A.Schaefer)",12,Sergei Rachmaninoff,0.259,0.0776,7.0,-21.442,0.0358,0.991,0.889,0.141,0.0742,68.45
39uWyswClo5xELgRdl8GGj,"Romances, Op. 21: XI 'no Prophet I' (Trans. A.Schaefer)",12,Sergei Rachmaninoff,0.406,0.0803,3.0,-19.322,0.0398,0.991,0.83,0.116,0.0423,134.138
4q2Z0C4iOZ47oMxLC2uWWd,"Preludes, Op. 23: Prelude, Op. 23 in D Major, No. 4, Andante Cantabile",11,Sergei Rachmaninoff,0.351,0.0284,2.0,-24.94,0.0429,0.993,0.903,0.101,0.0393,69.614
5GXg90NyFFIG1h9RkBqL2e,"Preludes, Op. 23: Prelude, Op. 23 in C Minor, No. 7, Allegro",11,Sergei Rachmaninoff,0.295,0.0987,5.0,-20.78,0.0319,0.993,0.9,0.108,0.0396,61.579
2MN3DIyp81XccCdjuiJ48y,"Preludes, Op. 23: Prelude in E-Flat Major, Op. 23, No. 6, Andante",10,Sergei Rachmaninoff,0.336,0.0304,3.0,-27.116,0.0328,0.992,0.923,0.0838,0.0794,69.68
6UWTptVeTZjsM3ZAWpSx56,"Preludes, Op. 32: Prelude in G-Sharp Minor, Op. 32, No. 12, Allegro",10,Sergei Rachmaninoff,0.286,0.0451,4.0,-25.041,0.0392,0.989,0.933,0.0742,0.0385,70.445
1HfhzOCoxUExtaLgpgzIIt,"Prelude, Op. 3 No. 2, in C# Minor - Upon Piano Roll",9,Sergei Rachmaninoff,0.438,0.119,9.0,-17.778,0.0471,0.993,0.882,0.0771,0.0652,85.688
47KzmeYB9qOBy1qiHCLuqa,"Prelude in F Major, Op. 2 No. 1",4,Sergei Rachmaninoff,0.136,0.0211,5.0,-34.081,0.0404,0.986,0.861,0.115,0.126,70.178
3ZhKq2TkrU86YN5A3M4WSN,"Oriental Dance, Op. 2 No. 2",0,Sergei Rachmaninoff,0.169,0.0355,9.0,-32.925,0.0446,0.988,0.468,0.199,0.0538,65.369
6PvLlNpNRJImpGKN6GzU0r,"Cello Sonata in G Minor, Op. 19: III. Andante",0,Sergei Rachmaninoff,0.112,0.0122,3.0,-31.068,0.0386,0.976,0.679,0.0602,0.0399,58.512
5S3Er5VBzE09XuH4aq3raa,"Cello Sonata in G Minor, Op. 19: II. Allegro scherzando",0,Sergei Rachmaninoff,0.218,0.0281,8.0,-31.27,0.0362,0.99,0.913,0.118,0.199,88.783
084Q9aRuW1g2HsmAQTonfQ,"10 Preludes, Op. 23: No. 5 in G Minor",15,Sergei Rachmaninoff,0.34,0.233,7.0,-17.207,0.0361,0.986,0.888,0.114,0.184,120.875
1ORLOsYCf84jPWJF0OiZbe,"Etudes-tableaux, Op. 39: No. 1 in C Minor. Allegro agitato",14,Sergei Rachmaninoff,0.304,0.249,8.0,-17.443,0.0317,0.989,0.893,0.0783,0.079,101.196
1EwvaiWrqQ0TM75KVr4D7s,"Etudes-tableaux, Op. 39: No. 2 in A Minor. Lento assai",14,Sergei Rachmaninoff,0.186,0.0133,9.0,-26.44,0.0385,0.993,0.891,0.0816,0.0388,69.059
1ajwSsuZwwB0QXsqmE7xln,"Etudes-tableaux, Op. 39: No. 3 in F-Sharp Minor. Allegro molto",13,Sergei Rachmaninoff,0.342,0.137,6.0,-20.366,0.0347,0.987,0.882,0.123,0.0528,92.723
1rxd6Muqj1izUtAnMv6ccB,"Etudes-tableaux, Op. 39: No. 4 in B Minor. Allegro assai",13,Sergei Rachmaninoff,0.4,0.233,11.0,-22.966,0.0311,0.993,0.828,0.134,0.508,105.338
3kmleLJGyfsQxYAH0Q3q9b,"Etudes-tableaux, Op. 39: No. 5 in E-Flat Minor. Appassionato",13,Sergei Rachmaninoff,0.233,0.228,3.0,-17.391,0.0324,0.991,0.811,0.114,0.0366,85.164
3235UyKpZ472hVIB0zRvJK,"Etudes-tableaux, Op. 39: No. 6 in A Minor. Allegro",12,Sergei Rachmaninoff,0.324,0.177,5.0,-21.07,0.0389,0.991,0.895,0.0893,0.211,162.611
6aeLtFmXFfzdc4aQzDKBAO,"Etudes-tableaux, Op. 39: No. 7 in C Minor. Lento lugubre",12,Sergei Rachmaninoff,0.334,0.034,1.0,-23.39,0.0637,0.994,0.911,0.121,0.0567,183.145
45cmWXVnmd3vHrl8sbL7xv,"Etudes-tableaux, Op. 39: No. 8 in D Minor. Allegro moderato",11,Sergei Rachmaninoff,0.243,0.17,2.0,-22.029,0.0373,0.993,0.908,0.0816,0.191,81.885
257FruaLyAgShaIOQDbCpa,"Etudes-tableaux, Op. 39: No. 9 in D Major. Allegro moderato (Tempo di marcia)",11,Sergei Rachmaninoff,0.399,0.279,7.0,-18.16,0.032,0.99,0.898,0.0935,0.156,103.248
5VtfUNDRZ6cq53sq0GZjV0,"Variations On A Theme Of Corelli, Op. 42: Theme (andante)",11,Sergei Rachmaninoff,0.576,0.00153,2.0,-35.493,0.118,0.993,0.904,0.0728,0.247,109.959
6yQuRycckNDZgyCWBbEeYP,"Variations On A Theme Of Corelli, Op. 42: Variation 1 (poco più mosso)",11,Sergei Rachmaninoff,0.209,0.0103,5.0,-34.753,0.0358,0.995,0.892,0.0857,0.103,77.565
79KtK8JFTUiaQL8Slfxo71,"Variations On A Theme Of Corelli, Op. 42: Variation 2 (l'istesso tempo)",11,Sergei Rachmaninoff,0.165,0.0662,5.0,-34.824,0.0548,0.996,0.719,0.122,0.579,169.805
4UscoKD8uQpROELnKhCYVp,"Variations On A Theme Of Corelli, Op. 42: Variation 3 (tempo di menuetto)",11,Sergei Rachmaninoff,0.501,0.0276,2.0,-24.165,0.0311,0.995,0.957,0.0943,0.319,70.985
652aleenCfJhYbGzgEfj6F,"Variations On A Theme Of Corelli, Op. 42: Variation 4 (andante)",11,Sergei Rachmaninoff,0.454,0.00457,10.0,-32.489,0.0491,0.995,0.388,0.0822,0.185,127.443
3W65jxeFcUKLxhRrCGKJzl,"Variations On A Theme Of Corelli, Op. 42: Variation 5 (allegro)",0,Sergei Rachmaninoff,0.569,0.357,10.0,-14.219,0.0485,0.97,0.764,0.128,0.914,61.989
7sTpN5qfb4wOWqyC2PKdD5,"Variations On A Theme Of Corelli, Op. 42: Variation 6 (l'istesso tempo)",0,Sergei Rachmaninoff,0.48,0.148,10.0,-22.446,0.0546,0.994,0.892,0.163,0.599,104.945
4IzeRcEXnOvEMe7aIQaCFq,"Variations On A Theme Of Corelli, Op. 42: Variation 7 (vivace)",0,Sergei Rachmaninoff,0.245,0.372,6.0,-15.959,0.035,0.991,0.881,0.13,0.103,135.793
17N7ozV6Hl6T5KeDm6HEqu,"Variations On A Theme Of Corelli, Op. 42: Variation 8 (adagio misterioso)",10,Sergei Rachmaninoff,0.425,0.00293,2.0,-38.197,0.0451,0.996,0.926,0.0973,0.0743,80.61
5j1NUxlv9xgMJUsXWbvfsM,"Variations On A Theme Of Corelli, Op. 42: Variation 9 (un poco più mosso)",10,Sergei Rachmaninoff,0.302,0.0307,10.0,-29.633,0.0445,0.994,0.859,0.114,0.0754,110.882
05RVllpEr26fmHbaJAXnlh,"Variations On A Theme Of Corelli, Op. 42: Variation 10 (allegro scherzando)",10,Sergei Rachmaninoff,0.474,0.124,2.0,-26.95,0.0312,0.995,0.89,0.0955,0.807,73.431
44arfxEzfBviSWgFQ2uLwj,"Variations On A Theme Of Corelli, Op. 42: Variation 11 (allegro vivace)",0,Sergei Rachmaninoff,0.433,0.323,0.0,-11.95,0.0363,0.979,0.972,0.207,0.3,125.266
52huJZX33giSx1VncnV0eG,"Variations On A Theme Of Corelli, Op. 42: Variation 12 (l'istesso tempo)",10,Sergei Rachmaninoff,0.405,0.283,10.0,-20.002,0.0445,0.99,0.955,0.138,0.527,136.932
3pVLge7q9CIz7g4XDTkeTz,"Variations On A Theme Of Corelli, Op. 42: Variation 13 (agitato)",10,Sergei Rachmaninoff,0.414,0.245,2.0,-22.822,0.0941,0.995,0.923,0.107,0.432,199.205
3d9B5xgIphAc1YKNiOlE9c,"Variations On A Theme Of Corelli, Op. 42: Intermezzo (a tempo rubato)",10,Sergei Rachmaninoff,0.268,0.0736,1.0,-24.046,0.0398,0.982,0.962,0.13,0.0326,65.276
22tN65O2eFxPqOyDctgkDx,"Variations On A Theme Of Corelli, Op. 42: Variation 14 (andante)",10,Sergei Rachmaninoff,0.465,0.00355,1.0,-31.571,0.0538,0.996,0.866,0.102,0.287,132.982
6b6SwZGeRpVglqFkmStOKU,"Variations On A Theme Of Corelli, Op. 42: Variation 15 (l'istesso tempo)",10,Sergei Rachmaninoff,0.36,0.00615,6.0,-36.116,0.0589,0.996,0.88,0.109,0.0911,69.781
4aG8uUC0pgbyoZHx0i4nfx,"Variations On A Theme Of Corelli, Op. 42: Variation 16 (allegro vivace)",10,Sergei Rachmaninoff,0.51,0.128,2.0,-19.271,0.0383,0.993,0.811,0.13,0.373,114.737
7iRn6mR855u9lcusyn1LQv,"Variations On A Theme Of Corelli, Op. 42: Variation 17 (meno mosso)",10,Sergei Rachmaninoff,0.382,0.00942,2.0,-34.722,0.0312,0.996,0.931,0.0755,0.0884,79.713
00rXwohfGEsDhmHtAzkSAT,"Variations On A Theme Of Corelli, Op. 42: Variation 18 (allegro con brio)",10,Sergei Rachmaninoff,0.463,0.27,5.0,-14.254,0.0349,0.992,0.793,0.148,0.516,146.521
3efgKF7lJd5qYz3kqOfYGS,"Variations On A Theme Of Corelli, Op. 42: Variation 19 (più mosso. agitato)",0,Sergei Rachmaninoff,0.491,0.157,1.0,-16.672,0.0354,0.995,0.934,0.347,0.708,52.568
2oloVCic6MzzzBtBowjSlb,"Variations On A Theme Of Corelli, Op. 42: Variation 20 (più mosso)",9,Sergei Rachmaninoff,0.445,0.351,10.0,-12.773,0.0316,0.988,0.93,0.132,0.163,97.01
3srhv3NSkB1PYG9poOKrVL,"Variations On A Theme Of Corelli, Op. 42: Coda (andante)",10,Sergei Rachmaninoff,0.404,0.0227,2.0,-24.123,0.0474,0.99,0.869,0.112,0.0353,96.205
3AHoVbvJvntpHEZ3EA3KyH,"Piano Sonata No. 1 in D minor, Op. 28: 1. Allegro moderato",9,Sergei Rachmaninoff,0.305,0.108,10.0,-21.939,0.0368,0.988,0.896,0.0723,0.0394,107.926
7A0TDDiGGJZ3G2ZRGQGUC7,"Piano Sonata No. 1 in D minor, Op. 28: 2. Lento",9,Sergei Rachmaninoff,0.196,0.0157,10.0,-28.995,0.0414,0.991,0.928,0.0732,0.0397,70.861
11e1ovDeRjeB4GdXLXkX3v,"Piano Sonata No. 1 in D minor, Op. 28: 3. Allegro molto",8,Sergei Rachmaninoff,0.228,0.141,7.0,-21.374,0.0389,0.989,0.883,0.263,0.0514,69.921
4cOHlDBPcFqYSjoVIHF3N8,"Piano Sonata No. 2 in B flat minor, Op. 36: 1. Allegro agitato",8,Sergei Rachmaninoff,0.33,0.0685,10.0,-21.814,0.0357,0.988,0.899,0.15,0.079,134.507
0yxlrZK3N1ZkrrVizc1z1L,"Piano Sonata No. 2 in B flat minor, Op. 36 - Original version (1913): 2. Non allegro - Lento",7,Sergei Rachmaninoff,0.332,0.021,4.0,-25.832,0.0433,0.991,0.883,0.0777,0.0374,72.875
39IwTT44lOY1tDPfR87seA,"Piano Sonata No. 2 in B flat minor, Op. 36 - Original version (1913): 3. Allegro molto",7,Sergei Rachmaninoff,0.368,0.225,10.0,-18.077,0.0309,0.984,0.852,0.182,0.193,99.659
6OQhG6vUI4TWhJBLNdjzp4,"Vocalise, Op. 34, No. 14",14,Sergei Rachmaninoff,0.0778,0.0952,4.0,-23.628,0.041,0.952,0.88,0.31,0.0373,81.078
4GMQOOjcceJWbQMZiCB0Ya,"Piano Concerto No. 3 in D Minor, Op. 30: I. Allegro ma non tanto",11,Sergei Rachmaninoff,0.266,0.0651,10.0,-23.607,0.0345,0.99,0.896,0.0848,0.0644,137.061
2qijWFZz1QaghH6YpM0gOq,"Piano Concerto No. 3 in D Minor, Op. 30: II. Intermezzo. Adagio",10,Sergei Rachmaninoff,0.16,0.0383,1.0,-24.052,0.0353,0.989,0.901,0.208,0.0368,65.778
330NbJyM9dtxv2Jm327oO2,"Piano Concerto No. 3 in D Minor, Op. 30: III. Finale. Alla breve",9,Sergei Rachmaninoff,0.28,0.182,7.0,-18.836,0.0341,0.986,0.858,0.068,0.0738,89.62
0qAg7pCcYMJKpNOB9sO1fX,"Symphony No. 2 in E Minor, Op. 27: I. Largo - Allegro moderato",9,Sergei Rachmaninoff,0.115,0.127,4.0,-19.058,0.0371,0.973,0.899,0.0601,0.0362,93.847
5rMtBwZxKJG2Z1ttJGvQ08,"Symphony No. 2 in E Minor, Op. 27: II. Allegro molto",8,Sergei Rachmaninoff,0.256,0.172,5.0,-22.021,0.0446,0.958,0.868,0.124,0.235,76.824
6xO6HKPi0qwiY8RYH4SLKg,"Symphony No. 2 in E Minor, Op. 27: III. Adagio",9,Sergei Rachmaninoff,0.098,0.0571,2.0,-22.991,0.0385,0.973,0.919,0.0939,0.0349,86.784
11OGLH016081dzz1jaH7YU,"Symphony No. 2 in E Minor, Op. 27: IV. Allegro vivace",7,Sergei Rachmaninoff,0.195,0.24,6.0,-16.802,0.0328,0.955,0.872,0.2,0.163,92.413
0DJ2qgiS7n4FvGP3GulqNx,"12 Romances, Op. 21: No. 5, Lilacs",18,Sergei Rachmaninoff,0.17,0.0108,8.0,-33.376,0.0323,0.99,0.917,0.0479,0.119,82.726
79nxf1pQEHVwGcMKXZVocb,"Rhapsody on a Theme of Paganini, Op. 43 (Excerpt)",16,Sergei Rachmaninoff,0.195,0.137,1.0,-15.353,0.0322,0.992,0.902,0.105,0.0386,88.517
0A0yShcsYHx3xjTPu0laVS,"L’arlésienne Suite No. 1, Op. 23bis, WD 40: II. Minuet (Arr. Rachmaninoff)",15,Sergei Rachmaninoff,0.387,0.0634,8.0,-30.079,0.0327,0.992,0.883,0.128,0.448,101.682
4Z52GqychQRfBHa6LE7Nyt,"6 Humoresques de concert, Op. 14: No. 1, Minuet",12,Sergei Rachmaninoff,0.434,0.0288,7.0,-28.624,0.0399,0.989,0.921,0.088,0.174,92.965
56Ql8Gl3fWQEznal9adJDg,"3 Waltzes, Op. 34: No. 3 in F Major ""Valse brillante""",13,Sergei Rachmaninoff,0.363,0.0266,5.0,-31.927,0.0376,0.987,0.92,0.11,0.283,133.888
452vjNLaorUVkxnm4iIKJL,The Tale of Tsar Saltan: The Flight of the Bumblebee (Arr. Rachmaninoff),10,Sergei Rachmaninoff,0.457,0.0858,5.0,-29.002,0.0335,0.986,0.904,0.242,0.466,95.071
4QqLtloH3jav9pq6fQkRx2,"Grande valse brillante in E-Flat Major, Op. 18",11,Sergei Rachmaninoff,0.434,0.0696,8.0,-27.615,0.0372,0.989,0.88,0.11,0.347,113.603
4TjBkCOtkQENiRrL2ek6Lf,"Lieder ohne Worte, Op. 67: No. 4, Spinning Song",10,Sergei Rachmaninoff,0.37,0.101,0.0,-32.374,0.0384,0.995,0.914,0.209,0.662,125.368
2eNi2OWbAX5jYtLAnBzajd,"7 Morceaux de salon, Op. 10: No. 3, Barcarolle",9,Sergei Rachmaninoff,0.208,0.0284,7.0,-30.736,0.0349,0.993,0.948,0.0861,0.144,73.016
0Kjiz7PvWIIESc8E7bLaiq,"3 Nocturnes, Op. 15: No. 1 in F Major",8,Sergei Rachmaninoff,0.226,0.0075,5.0,-32.098,0.0338,0.991,0.906,0.0635,0.0495,78.407
0u4g6JTAN01inboEkEX7bn,Solitude,0,Billie Holiday,0.463,0.176,8.0,-12.144,0.0506,0.984,0.00144,0.109,0.164,98.789
0u4g6JTAN01inboEkEX7bn,Solitude,0,Billie Holiday,0.463,0.176,8.0,-12.144,0.0506,0.984,0.00144,0.109,0.164,98.789
0u4g6JTAN01inboEkEX7bn,Solitude,0,Billie Holiday,0.463,0.176,8.0,-12.144,0.0506,0.984,0.00144,0.109,0.164,98.789
0u4g6JTAN01inboEkEX7bn,Solitude,0,Billie Holiday,0.463,0.176,8.0,-12.144,0.0506,0.984,0.00144,0.109,0.164,98.789
3aDr0gO1QOqlf7skVTjqxz,Blue Moon,1,Billie Holiday,0.642,0.299,10.0,-9.837,0.0646,0.982,0.0551,0.172,0.538,125.263
6C3KhLcwI0989ySEKhXbOb,I'll Be Seeing You,1,Billie Holiday,0.278,0.0838,8.0,-13.856,0.0411,0.989,0.0552,0.112,0.186,61.828
3NtTLMfISEFvxtuO9kOwCq,Blue Moon,1,Billie Holiday,0.642,0.299,10.0,-9.837,0.0646,0.982,0.0551,0.172,0.538,125.263
50ZBu9KVMuPeAmEaZOXj9O,Solitude,1,Billie Holiday,0.463,0.176,8.0,-12.144,0.0506,0.984,0.00144,0.109,0.164,98.789
3L66KgX9kHmBXaucrQY9zT,Autumn In New York,0,Billie Holiday,0.566,0.132,10.0,-13.122,0.0563,0.955,8.48e-06,0.108,0.286,71.51
1hXJaNDh2UgyWGVgGfOGkz,Stormy Weather,0,Billie Holiday,0.524,0.119,10.0,-18.138,0.0465,0.92,0.0223,0.157,0.263,122.028
